entry_time,exit_time,direction,entry_price,exit_price,pnl,size
2025-01-03 14:00:00+00:00,2025-01-03 17:00:00+00:00,SHORT,96876.151875,98083.16486718749,-6.735900073418756,0.005161228953903471
2025-01-04 07:00:00+00:00,2025-01-05 03:00:00+00:00,LONG,98308.07705468748,98036.1703828125,-1.8801870934175813,0.00508237186572561
2025-01-05 04:00:00+00:00,2025-01-06 00:00:00+00:00,SHORT,98234.4250546875,98316.4056875,-0.9168052325799493,0.005084971113266292
2025-01-06 01:00:00+00:00,2025-01-06 05:00:00+00:00,SHORT,98552.06803125,99708.9609140625,-6.368286223655804,0.005067863186297847
2025-01-06 06:00:00+00:00,2025-01-06 14:00:00+00:00,SHORT,99438.0327421875,101022.47624218749,-8.459786371874463,0.00501925668694655
2025-01-06 15:00:00+00:00,2025-01-07 11:00:00+00:00,SHORT,102072.0523359375,100998.71813281249,4.750193115753658,0.00488534378213276
2025-01-07 12:00:00+00:00,2025-01-07 15:00:00+00:00,LONG,100848.36480468749,97862.430234375,-15.254711484532345,0.004946730112853464
2025-01-07 16:00:00+00:00,2025-01-07 18:00:00+00:00,LONG,97898.64459375,96604.5877734375,-7.075311085359939,0.005087730948900187
2025-01-07 20:00:00+00:00,2025-01-08 16:00:00+00:00,SHORT,96343.6926796875,94836.70289843749,7.295062288008268,0.005165914658858292
2025-01-08 17:00:00+00:00,2025-01-08 22:00:00+00:00,SHORT,93834.025171875,95328.67093749999,-8.439112516331985,0.005307703270108683
2025-01-08 23:00:00+00:00,2025-01-09 08:00:00+00:00,SHORT,94943.2741875,93038.65664843749,9.494458294769068,0.005240985301240059
2025-01-09 13:00:00+00:00,2025-01-09 15:00:00+00:00,SHORT,92011.3106484375,94345.00074999999,-13.142661704783329,0.005412879612929031
2025-01-09 16:00:00+00:00,2025-01-09 19:00:00+00:00,SHORT,94098.5494453125,92160.44337499999,9.756867808031705,0.005285566197428411
2025-01-09 20:00:00+00:00,2025-01-10 01:00:00+00:00,SHORT,92024.1727734375,93176.73208593749,-6.73911134438976,0.005409742596498283
2025-01-10 02:00:00+00:00,2025-01-10 06:00:00+00:00,SHORT,93284.668828125,94374.06103124999,-6.312747599569136,0.005332765251650986
2025-01-10 07:00:00+00:00,2025-01-10 17:00:00+00:00,SHORT,94432.769578125,95838.04699218749,-7.9023586971324455,0.005264324365548966
2025-01-10 18:00:00+00:00,2025-01-11 04:00:00+00:00,LONG,95036.68392968748,93935.111484375,-6.248263978633916,0.0052264529346639785
2025-01-11 07:00:00+00:00,2025-01-12 03:00:00+00:00,LONG,94283.37668749999,94471.4886328125,0.4929827684061186,0.005264634388663586
2025-01-12 04:00:00+00:00,2025-01-13 00:00:00+00:00,LONG,94595.66522656249,95253.6900234375,2.9530020801147785,0.005247252469365964
2025-01-13 02:00:00+00:00,2025-01-13 08:00:00+00:00,LONG,94262.14453906249,92882.290359375,-7.757081949445855,0.005267121516450936
2025-01-13 09:00:00+00:00,2025-01-13 10:00:00+00:00,LONG,92939.71405468749,91535.2247109375,-7.985220549347219,0.005337626612350518
2025-01-13 11:00:00+00:00,2025-01-13 20:00:00+00:00,LONG,91021.383578125,93563.1322734375,13.33149985799205,0.005445461348707133
2025-01-13 21:00:00+00:00,2025-01-14 04:00:00+00:00,SHORT,94066.760953125,95172.23340624999,-6.334588445565339,0.005275989238636891
2025-01-14 05:00:00+00:00,2025-01-14 09:00:00+00:00,SHORT,94772.16421875,97199.086359375,-13.209017724442711,0.005233115423788035
2025-01-14 12:00:00+00:00,2025-01-15 08:00:00+00:00,LONG,96104.74310937499,97090.640296875,4.580396400703133,0.005153423335051418
2025-01-15 13:00:00+00:00,2025-01-15 19:00:00+00:00,SHORT,98794.497234375,99954.69859374998,-6.319915779167751,0.005015185015540782
2025-01-15 20:00:00+00:00,2025-01-16 14:00:00+00:00,LONG,99636.67776562499,97507.6837734375,-11.06431946774047,0.004969373967780761
2025-01-16 17:00:00+00:00,2025-01-17 01:00:00+00:00,SHORT,99838.9595390625,101758.15649999998,-10.010834656338224,0.004953516567469204
2025-01-17 02:00:00+00:00,2025-01-17 08:00:00+00:00,SHORT,100932.887953125,102214.96441406249,-6.775587884507656,0.004894625337137332
2025-01-17 11:00:00+00:00,2025-01-17 14:00:00+00:00,SHORT,102133.1006015625,103329.31984374998,-6.281429662648135,0.004833547468845715
2025-01-17 20:00:00+00:00,2025-01-18 03:00:00+00:00,LONG,104766.49777343748,103460.4438046875,-6.63714770679374,0.004708818617018789
2025-01-18 04:00:00+00:00,2025-01-19 00:00:00+00:00,LONG,103614.36241406249,103964.259796875,1.1700851798010563,0.004757737247644511
2025-01-19 01:00:00+00:00,2025-01-19 06:00:00+00:00,SHORT,104287.1709375,105472.67199218749,-6.102907048901431,0.004727367352856859
2025-01-19 08:00:00+00:00,2025-01-19 22:00:00+00:00,LONG,104333.65129687499,102991.5381796875,-6.823929203954047,0.0047221003535001475
2025-01-19 23:00:00+00:00,2025-01-20 00:00:00+00:00,LONG,101069.765671875,99671.97825,-7.294084926038226,0.004870973413656082
2025-01-20 01:00:00+00:00,2025-01-20 06:00:00+00:00,LONG,100563.54120312499,107050.0537265625,31.205918413849272,0.004891621913603511
2025-01-20 07:00:00+00:00,2025-01-20 08:00:00+00:00,SHORT,106916.7652734375,108289.27484374998,-6.834352724819337,0.0046153147317576915
2025-01-20 09:00:00+00:00,2025-01-20 15:00:00+00:00,SHORT,107910.778078125,104953.95066406249,13.03136704523784,0.004569405765187399
2025-01-20 16:00:00+00:00,2025-01-20 17:00:00+00:00,LONG,106778.21060156249,102773.077171875,-18.99390555616422,0.004623743389594748
2025-01-20 18:00:00+00:00,2025-01-20 21:00:00+00:00,LONG,104120.89187499999,102592.55475,-7.71819525845829,0.004732389970143551
2025-01-20 22:00:00+00:00,2025-01-20 23:00:00+00:00,LONG,103652.28310937498,101979.9414140625,-8.42771576136007,0.004749824150771447
2025-01-21 00:00:00+00:00,2025-01-21 11:00:00+00:00,LONG,101353.59609374999,103561.756453125,10.213930849632348,0.0048531491161554665
2025-01-21 12:00:00+00:00,2025-01-21 17:00:00+00:00,SHORT,104261.649609375,106212.3327890625,-9.713582078661181,0.004722447990061386
2025-01-21 18:00:00+00:00,2025-01-22 13:00:00+00:00,SHORT,106806.4850390625,104172.60760156249,11.649671036938978,0.0046051503318695845
2025-01-22 14:00:00+00:00,2025-01-23 00:00:00+00:00,LONG,104604.63294531249,103208.8675078125,-7.056299750819622,0.004707418751105846
2025-01-23 01:00:00+00:00,2025-01-23 14:00:00+00:00,SHORT,102736.7307421875,104918.31349999999,-10.950814141698125,0.004789332609152107
2025-01-23 15:00:00+00:00,2025-01-24 11:00:00+00:00,SHORT,104945.16853125,105547.11354687499,-3.313253108522827,0.004683095361641842
2025-01-24 12:00:00+00:00,2025-01-24 17:00:00+00:00,SHORT,105380.7403359375,106543.88275781249,-5.919193025061864,0.004661933426755925
2025-01-24 18:00:00+00:00,2025-01-25 14:00:00+00:00,SHORT,106070.7059296875,104690.38267187499,5.904377523895491,0.0046285868285141085
2025-01-25 15:00:00+00:00,2025-01-26 11:00:00+00:00,SHORT,104808.570890625,104914.05142968749,-0.9861001174064432,0.004686908133425008
2025-01-26 12:00:00+00:00,2025-01-26 23:00:00+00:00,LONG,104933.093890625,102442.98571875,-12.13480458875066,0.004680642290589742
2025-01-27 00:00:00+00:00,2025-01-27 04:00:00+00:00,LONG,101717.0920390625,100270.37925,-7.460209262546135,0.004822424325847052
2025-01-27 06:00:00+00:00,2025-01-27 12:00:00+00:00,SHORT,98760.312703125,100723.38057031248,-10.24213644757961,0.004962777344223743
2025-01-27 13:00:00+00:00,2025-01-27 14:00:00+00:00,SHORT,100457.90247656249,102159.1117421875,-8.78884578415782,0.00487357208569278
2025-01-27 15:00:00+00:00,2025-01-27 17:00:00+00:00,SHORT,101232.150890625,99303.85308593749,8.83717761250669,0.004831715055573783
2025-01-27 18:00:00+00:00,2025-01-27 20:00:00+00:00,SHORT,98948.4759140625,101748.52187499999,-14.356473525474373,0.004947446695659749
2025-01-27 21:00:00+00:00,2025-01-28 02:00:00+00:00,SHORT,101271.84553125,102421.60053124999,-6.0437718984152395,0.0048266130319406615
2025-01-28 03:00:00+00:00,2025-01-28 21:00:00+00:00,SHORT,102521.5398984375,100386.16869531249,9.695874844050993,0.0047645927021611805
2025-01-28 22:00:00+00:00,2025-01-29 18:00:00+00:00,LONG,101238.25430468749,102853.652765625,7.304888962420359,0.004829535576700921
2025-01-29 21:00:00+00:00,2025-01-30 17:00:00+00:00,LONG,103930.17791406249,105176.483859375,5.3721220670214835,0.004707723574308995
2025-01-30 20:00:00+00:00,2025-01-31 04:00:00+00:00,LONG,105208.68952343748,103898.544328125,-6.579312446672558,0.004652835172089354
2025-01-31 05:00:00+00:00,2025-01-31 18:00:00+00:00,LONG,104371.47814843748,102567.4158515625,-8.935937438205253,0.004686771310946668
2025-01-31 19:00:00+00:00,2025-02-01 15:00:00+00:00,LONG,102407.82896093749,101967.7348828125,-2.5867392684900596,0.004772037443731162
2025-02-01 17:00:00+00:00,2025-02-02 03:00:00+00:00,SHORT,102136.495640625,99294.47653125,13.119025618087813,0.00478320917127052
2025-02-02 15:00:00+00:00,2025-02-02 17:00:00+00:00,SHORT,99173.7191953125,97177.96369531249,9.364683483384429,0.004932473551547119
2025-02-02 18:00:00+00:00,2025-02-02 19:00:00+00:00,SHORT,96855.5553046875,98295.75224218749,-7.777250358240368,0.005055110375300964
2025-02-02 20:00:00+00:00,2025-02-03 01:00:00+00:00,SHORT,97673.5411875,93354.48778906249,21.164596785736386,0.00500854349381192
2025-02-03 02:00:00+00:00,2025-02-03 07:00:00+00:00,SHORT,93573.4188515625,95502.4304609375,-10.606533069838775,0.005239051377830072
2025-02-03 08:00:00+00:00,2025-02-03 14:00:00+00:00,SHORT,95321.67665625,96799.5387734375,-8.089262541527507,0.00513714327830701
2025-02-03 15:00:00+00:00,2025-02-03 19:00:00+00:00,SHORT,99172.4392265625,102107.89651562499,-14.985366397027345,0.004933348086874169
2025-02-03 20:00:00+00:00,2025-02-04 05:00:00+00:00,SHORT,101129.035359375,99106.71082812498,9.289621153280832,0.004830249103683411
2025-02-04 06:00:00+00:00,2025-02-04 08:00:00+00:00,LONG,99525.91085937498,98170.9573359375,-7.138436816246441,0.00491247440305118
2025-02-04 09:00:00+00:00,2025-02-04 21:00:00+00:00,LONG,98540.85647656249,96635.55677343749,-9.925017143287844,0.004957711341670146
2025-02-04 22:00:00+00:00,2025-02-05 13:00:00+00:00,SHORT,97505.3891953125,98692.9302734375,-6.437627214105607,0.005005020215661598
2025-02-05 14:00:00+00:00,2025-02-05 18:00:00+00:00,SHORT,98822.7111796875,96770.814765625,9.648150775407814,0.0049347984492032525
2025-02-05 19:00:00+00:00,2025-02-05 22:00:00+00:00,LONG,97488.156390625,96330.0813046875,-6.280870839570501,0.005007051153479403
2025-02-05 23:00:00+00:00,2025-02-06 09:00:00+00:00,LONG,96716.57307812499,98584.1531015625,8.92192517821743,0.0050434968943839885
2025-02-06 10:00:00+00:00,2025-02-06 16:00:00+00:00,SHORT,98860.7043984375,96583.09598437499,10.770725574357613,0.004938377140824973
2025-02-06 17:00:00+00:00,2025-02-07 13:00:00+00:00,LONG,96931.45180468749,98752.2036328125,8.6822721588684,0.005041970994290276
2025-02-07 14:00:00+00:00,2025-02-07 17:00:00+00:00,SHORT,99664.9150078125,97581.1946484375,9.747569326500663,0.004907797751343688
2025-02-07 18:00:00+00:00,2025-02-07 20:00:00+00:00,LONG,97867.23039843749,95704.839984375,-11.296521765731578,0.005002677254418916
2025-02-07 21:00:00+00:00,2025-02-08 17:00:00+00:00,LONG,96089.8297734375,96261.23615625,0.38241968684987754,0.005089080318110393
2025-02-08 18:00:00+00:00,2025-02-09 14:00:00+00:00,SHORT,96394.0485234375,96247.2135625,0.2566298181457056,0.0050729639381517444
2025-02-09 15:00:00+00:00,2025-02-09 21:00:00+00:00,LONG,96575.9403984375,95151.6047109375,-7.693603554131373,0.005063289172321288
2025-02-09 22:00:00+00:00,2025-02-10 13:00:00+00:00,LONG,95971.48498437498,98213.1026484375,10.911892913461953,0.005090916157359943
2025-02-10 15:00:00+00:00,2025-02-11 05:00:00+00:00,SHORT,97133.4333984375,98555.74635156248,-7.65815498216079,0.0050353820713100106
2025-02-11 06:00:00+00:00,2025-02-11 16:00:00+00:00,SHORT,98352.1509609375,96440.37528124999,9.020119613505761,0.004968844924467505
2025-02-11 17:00:00+00:00,2025-02-11 19:00:00+00:00,LONG,96195.87321093748,95004.43171875,-6.541138106525218,0.005084658425954934
2025-02-11 20:00:00+00:00,2025-02-12 16:00:00+00:00,LONG,95336.30356249999,96855.45384375,7.291843247038083,0.00512681555647341
2025-02-12 17:00:00+00:00,2025-02-13 13:00:00+00:00,SHORT,97249.7232421875,96235.63949999999,4.616263374625743,0.005029441539519556
2025-02-13 14:00:00+00:00,2025-02-14 10:00:00+00:00,LONG,96001.93728125,96936.6772265625,4.270250802265455,0.005096961261587463
2025-02-14 11:00:00+00:00,2025-02-15 07:00:00+00:00,LONG,97005.05658593749,97294.280203125,0.9685143850642319,0.005046202942612251
2025-02-15 08:00:00+00:00,2025-02-16 04:00:00+00:00,LONG,97619.146625,97438.62009375,-1.3939130340234156,0.005014704279600942
2025-02-16 07:00:00+00:00,2025-02-16 23:00:00+00:00,LONG,97340.86862499999,96105.39215625,-6.695290621708205,0.005028072864518889
2025-02-17 00:00:00+00:00,2025-02-17 16:00:00+00:00,LONG,96385.5783515625,95299.245984375,-5.9958111287148315,0.005074179686696248
2025-02-17 21:00:00+00:00,2025-02-18 17:00:00+00:00,SHORT,96290.5895859375,94189.7597265625,10.185339759503561,0.005075817911387293
2025-02-18 18:00:00+00:00,2025-02-19 09:00:00+00:00,LONG,93966.99812499998,95851.8568828125,9.314448301908076,0.005206490985064164
2025-02-19 10:00:00+00:00,2025-02-20 02:00:00+00:00,SHORT,96213.9787734375,97299.06905468748,-6.017752707351362,0.005089484868753883
2025-02-20 04:00:00+00:00,2025-02-20 18:00:00+00:00,SHORT,97120.906875,98435.46994531249,-7.119546318774714,0.005038608403286631
2025-02-20 19:00:00+00:00,2025-02-21 13:00:00+00:00,SHORT,98344.71309375,99491.39199999999,-6.196007621857508,0.004972039239386972
2025-02-21 19:00:00+00:00,2025-02-22 15:00:00+00:00,LONG,95470.7894765625,96541.90052343749,4.988049285259816,0.005118209727789247
2025-02-22 23:00:00+00:00,2025-02-23 14:00:00+00:00,LONG,96676.83807031249,95600.5147265625,-5.9260519417765085,0.0050566868307298715
2025-02-23 15:00:00+00:00,2025-02-24 11:00:00+00:00,LONG,95565.11808593749,95735.8948359375,0.383620523634935,0.005112155542419185
2025-02-24 13:00:00+00:00,2025-02-24 14:00:00+00:00,LONG,95697.33610937498,94542.8546953125,-6.376315892721674,0.005105037629943882
2025-02-24 15:00:00+00:00,2025-02-24 22:00:00+00:00,LONG,94341.07495312499,92430.6565078125,-10.36432367232956,0.005174790084240432
2025-02-24 23:00:00+00:00,2025-02-25 02:00:00+00:00,SHORT,91301.997234375,92418.49804687499,-6.456952783525595,0.005341094916090595
2025-02-25 03:00:00+00:00,2025-02-25 07:00:00+00:00,SHORT,92105.099578125,89487.882859375,13.373590872345956,0.005290753771709009
2025-02-25 08:00:00+00:00,2025-02-25 14:00:00+00:00,SHORT,89287.44349218749,87172.06153906249,11.084027097606675,0.005464930993379393
2025-02-25 15:00:00+00:00,2025-02-25 21:00:00+00:00,SHORT,87213.7380234375,88686.80914843749,-8.74732335847541,0.005600946963170088
2025-02-25 22:00:00+00:00,2025-02-26 16:00:00+00:00,SHORT,88648.4581171875,86891.84410156248,9.19197065385179,0.005505089894964399
2025-02-26 17:00:00+00:00,2025-02-26 19:00:00+00:00,SHORT,85540.8344765625,83839.12255468749,9.23833291803302,0.0057101725932435145
2025-02-26 20:00:00+00:00,2025-02-27 03:00:00+00:00,SHORT,84298.5623671875,85250.15717968749,-6.013193596603295,0.005799510797126164
2025-02-27 04:00:00+00:00,2025-02-27 05:00:00+00:00,SHORT,84932.6932265625,85911.81035937498,-6.126453606853654,0.00575238226729113
2025-02-27 06:00:00+00:00,2025-02-27 16:00:00+00:00,SHORT,86083.6426875,84432.332359375,8.886752194480703,0.005671629966402277
2025-02-27 17:00:00+00:00,2025-02-27 20:00:00+00:00,LONG,84543.92039843749,83530.1440546875,-6.342309930000134,0.0057798892109795314
2025-02-27 21:00:00+00:00,2025-02-28 01:00:00+00:00,LONG,84252.543375,81999.1063125,-13.535777889956055,0.005795824382063326
2025-02-28 02:00:00+00:00,2025-02-28 08:00:00+00:00,SHORT,80606.9139609375,79021.51288281249,9.112473430887885,0.0060492545445694264
2025-02-28 09:00:00+00:00,2025-02-28 13:00:00+00:00,SHORT,80186.842265625,81547.5989453125,-8.778329008092324,0.0060863225174742856
2025-02-28 14:00:00+00:00,2025-02-28 15:00:00+00:00,SHORT,81867.675375,84055.29163281248,-13.529403982613635,0.00595570428564698
2025-02-28 16:00:00+00:00,2025-03-01 02:00:00+00:00,SHORT,84322.7568984375,85300.66857812498,-6.138978233385445,0.0057739907210443715
2025-03-01 03:00:00+00:00,2025-03-01 04:00:00+00:00,SHORT,85150.3191328125,86294.9040078125,-7.033226812889996,0.005713983552934257
2025-03-01 05:00:00+00:00,2025-03-01 07:00:00+00:00,LONG,85684.80232812499,84641.36765625,-6.40065033803148,0.005673952919602136
2025-03-01 08:00:00+00:00,2025-03-01 13:00:00+00:00,LONG,85370.98100781249,84372.8629921875,-6.160213916483716,0.00569077674294406
2025-03-01 14:00:00+00:00,2025-03-02 10:00:00+00:00,LONG,84749.44603124999,85867.1016328125,5.910694039412608,0.005728590733290147
2025-03-02 11:00:00+00:00,2025-03-02 14:00:00+00:00,LONG,86174.3929921875,84973.816125,-7.2466655795211405,0.005637012739823333
2025-03-02 15:00:00+00:00,2025-03-02 16:00:00+00:00,LONG,87621.11952343749,91424.3357109375,20.56157000314139,0.00553952668257266
2025-03-02 17:00:00+00:00,2025-03-03 06:00:00+00:00,SHORT,93919.314796875,91478.48084374999,12.166691822304225,0.005178736026051512
2025-03-03 07:00:00+00:00,2025-03-03 08:00:00+00:00,LONG,92487.85639843749,91249.7292421875,-6.999439388876427,0.0052652031679375965
2025-03-03 09:00:00+00:00,2025-03-03 14:00:00+00:00,LONG,91971.019765625,89568.0220078125,-13.187470887634072,0.005290721309904515
2025-03-03 15:00:00+00:00,2025-03-03 18:00:00+00:00,LONG,90135.59242187499,87088.10596875,-16.89808638257799,0.005390870774968426
2025-03-03 19:00:00+00:00,2025-03-04 01:00:00+00:00,LONG,85742.71174218749,83194.7610234375,-14.884193918612594,0.005656925484749073
2025-03-04 02:00:00+00:00,2025-03-04 17:00:00+00:00,SHORT,83890.6269609375,85371.23907812499,-9.039882067815032,0.005772655265872293
2025-03-04 18:00:00+00:00,2025-03-04 19:00:00+00:00,SHORT,86745.5036015625,88293.41614843749,-9.125418455244098,0.005577182006097718
2025-03-04 20:00:00+00:00,2025-03-05 01:00:00+00:00,SHORT,86630.329828125,87684.19816406249,-6.368779449072773,0.0055790506865155244
2025-03-05 02:00:00+00:00,2025-03-05 09:00:00+00:00,SHORT,87412.2892734375,88560.9333984375,-6.835833918005458,0.005525223059510033
2025-03-05 10:00:00+00:00,2025-03-06 01:00:00+00:00,SHORT,89905.8088828125,91179.53375781249,-7.3266865373871,0.005367911840841024
2025-03-06 02:00:00+00:00,2025-03-06 09:00:00+00:00,LONG,91921.955125,90638.8719609375,-7.206447389264068,0.005245928361260658
2025-03-06 10:00:00+00:00,2025-03-06 12:00:00+00:00,LONG,91396.946265625,90123.52064062499,-7.1884350236003165,0.005271856204510338
2025-03-06 13:00:00+00:00,2025-03-06 17:00:00+00:00,LONG,89834.6589765625,88603.308,-7.073989225529444,0.0053592683536567865
2025-03-06 18:00:00+00:00,2025-03-06 22:00:00+00:00,LONG,88487.29733593749,90281.5577578125,9.263855967056115,0.005436602625852161
2025-03-06 23:00:00+00:00,2025-03-07 00:00:00+00:00,LONG,90068.19696875,85470.0147421875,-25.039056117426544,0.005346053640919259
2025-03-07 01:00:00+00:00,2025-03-07 09:00:00+00:00,SHORT,87989.8049296875,89054.34037499999,-6.296096769843682,0.005457829852482166
2025-03-07 10:00:00+00:00,2025-03-07 14:00:00+00:00,SHORT,89121.9763125,90552.09444531248,-8.188343787840482,0.005384693959982651
2025-03-07 15:00:00+00:00,2025-03-07 16:00:00+00:00,LONG,88533.75781249999,86940.644203125,-9.098458868696301,0.005415574437146182
2025-03-07 17:00:00+00:00,2025-03-07 21:00:00+00:00,LONG,87563.3117734375,86281.0778671875,-7.485948009020297,0.005470124986500907
2025-03-07 22:00:00+00:00,2025-03-08 09:00:00+00:00,LONG,86842.09127343749,85797.8896640625,-6.227391431305006,0.005510968311579596
2025-03-08 10:00:00+00:00,2025-03-09 06:00:00+00:00,SHORT,86027.1601640625,85957.7390546875,-0.09193168609608593,0.0055592758546827185
2025-03-09 08:00:00+00:00,2025-03-09 10:00:00+00:00,LONG,85888.0757109375,84769.7313515625,-6.698874817447586,0.00556794643922933
2025-03-09 11:00:00+00:00,2025-03-09 13:00:00+00:00,LONG,85106.30253125,83704.4071171875,-8.341459044158018,0.005614876176771632
2025-03-09 18:00:00+00:00,2025-03-09 22:00:00+00:00,SHORT,82615.1146875,80632.96647656249,10.988572038951414,0.0057788503515608354
2025-03-09 23:00:00+00:00,2025-03-10 01:00:00+00:00,SHORT,80566.0954453125,81818.9168671875,-7.917548077647542,0.005932345852148725
2025-03-10 02:00:00+00:00,2025-03-10 11:00:00+00:00,SHORT,82087.252453125,83698.95909374999,-9.862682865998453,0.00581729992376727
2025-03-10 12:00:00+00:00,2025-03-10 13:00:00+00:00,SHORT,83231.1230625,81647.2453671875,8.60949190832446,0.005731139259384505
2025-03-10 14:00:00+00:00,2025-03-10 18:00:00+00:00,SHORT,79513.3679765625,77612.69140624999,10.946077218651181,0.006004220337697777
2025-03-10 19:00:00+00:00,2025-03-11 00:00:00+00:00,LONG,78989.45742187499,77390.17298437499,-10.145006333145076,0.0060506709350207745
2025-03-11 01:00:00+00:00,2025-03-11 08:00:00+00:00,LONG,79064.43857812499,81036.3590859375,11.417564741421442,0.006038214847329847
2025-03-11 09:00:00+00:00,2025-03-11 14:00:00+00:00,SHORT,81412.584046875,79821.742,8.870862302471991,0.005870776371337944
2025-03-11 15:00:00+00:00,2025-03-11 18:00:00+00:00,SHORT,81204.6281484375,83274.926109375,-12.68665161795403,0.00589097851958514
2025-03-11 19:00:00+00:00,2025-03-12 12:00:00+00:00,SHORT,82913.8859296875,84065.4736796875,-7.119336985047032,0.0057615978727803595
2025-03-12 13:00:00+00:00,2025-03-12 14:00:00+00:00,LONG,82719.98891406249,81501.557484375,-7.501277761641117,0.005770511123008637
2025-03-12 15:00:00+00:00,2025-03-12 22:00:00+00:00,LONG,81772.3703671875,83570.299171875,9.999003011692695,0.005832504099651727
2025-03-12 23:00:00+00:00,2025-03-13 13:00:00+00:00,SHORT,83663.112515625,81807.5617734375,10.121658475627353,0.005706383307004178
2025-03-13 14:00:00+00:00,2025-03-13 15:00:00+00:00,LONG,82044.196609375,80978.37806249999,-6.679932121070444,0.0058248605100109496
2025-03-13 16:00:00+00:00,2025-03-13 17:00:00+00:00,LONG,80841.67497656248,79896.3908203125,-6.055821833051662,0.005907078368154434
2025-03-13 18:00:00+00:00,2025-03-14 08:00:00+00:00,LONG,80869.2181171875,82498.5985078125,9.1281912578923,0.0059010270237900625
2025-03-14 09:00:00+00:00,2025-03-14 13:00:00+00:00,SHORT,82695.955640625,83665.18316406249,-6.081408335466436,0.0057759050825754
2025-03-14 14:00:00+00:00,2025-03-14 15:00:00+00:00,SHORT,83362.6554609375,84831.47328906249,-8.895850602414333,0.005725777750691747
2025-03-14 16:00:00+00:00,2025-03-15 12:00:00+00:00,SHORT,84695.095125,84223.69424218748,2.179871544117218,0.005630165227880465
2025-03-15 13:00:00+00:00,2025-03-16 09:00:00+00:00,SHORT,84379.2940546875,83990.14842968748,1.7248138342981405,0.005652246040882075
2025-03-16 10:00:00+00:00,2025-03-16 11:00:00+00:00,LONG,83778.69499999999,82347.85096875,-8.615374685586248,0.005693511039032168
2025-03-16 12:00:00+00:00,2025-03-17 08:00:00+00:00,LONG,82868.74689843749,83499.6901640625,3.148097912865632,0.005750543168243251
2025-03-17 09:00:00+00:00,2025-03-17 18:00:00+00:00,SHORT,83551.318171875,84601.85327343749,-6.476141289212997,0.005705162942342099
2025-03-17 19:00:00+00:00,2025-03-18 06:00:00+00:00,SHORT,84398.2126171875,82551.9929609375,9.95377943103642,0.0056437953919694864
2025-03-18 07:00:00+00:00,2025-03-18 12:00:00+00:00,LONG,83239.42971093749,82294.3498359375,-5.884857109187883,0.005728056015934862
2025-03-18 13:00:00+00:00,2025-03-19 00:00:00+00:00,LONG,81323.10123437499,82894.7020078125,8.722511624258008,0.005859122758786897
2025-03-19 01:00:00+00:00,2025-03-19 09:00:00+00:00,SHORT,82625.6744296875,83611.903375,-6.174848717797379,0.005771745138889404
2025-03-19 10:00:00+00:00,2025-03-19 14:00:00+00:00,SHORT,83406.8221875,84369.5117890625,-5.982584011667965,0.005713702249835888
2025-03-19 15:00:00+00:00,2025-03-19 18:00:00+00:00,SHORT,84642.194953125,85859.60977343749,-7.332865580247599,0.005626493861131082
2025-03-19 20:00:00+00:00,2025-03-20 16:00:00+00:00,LONG,85394.47322656249,83630.0128359375,-10.298216129598039,0.005572355178249115
2025-03-20 17:00:00+00:00,2025-03-21 13:00:00+00:00,LONG,84102.69836718749,83915.9453671875,-1.5296959464401432,0.005651538429593339
2025-03-21 15:00:00+00:00,2025-03-22 11:00:00+00:00,LONG,83642.84053125,84137.18484375,2.330555421281522,0.0056814113265103465
2025-03-22 12:00:00+00:00,2025-03-23 08:00:00+00:00,LONG,84297.20517968749,84243.437859375,-0.778161147662067,0.005638409338299842
2025-03-23 09:00:00+00:00,2025-03-23 15:00:00+00:00,SHORT,84235.9687734375,85247.98313281249,-6.190495437589702,0.0056417642324636036
2025-03-23 16:00:00+00:00,2025-03-24 00:00:00+00:00,SHORT,85185.869484375,86215.895390625,-6.222982088365055,0.005574940912639791
2025-03-25 06:00:00+00:00,2025-03-26 02:00:00+00:00,LONG,86679.53825781248,87289.9742109375,2.864229199228151,0.005475009490034929
2025-03-26 03:00:00+00:00,2025-03-26 18:00:00+00:00,LONG,87246.40925,86127.988921875,-6.553713579832905,0.005440805891373721
2025-03-26 19:00:00+00:00,2025-03-27 15:00:00+00:00,LONG,86737.541515625,86882.8348828125,0.3194281722167911,0.005468674220438801
2025-03-27 16:00:00+00:00,2025-03-28 06:00:00+00:00,LONG,86900.15709375,85662.72028125,-7.221942454129985,0.005458351601824696
2025-03-28 07:00:00+00:00,2025-03-28 14:00:00+00:00,LONG,85281.29766406248,84091.839609375,-7.077693597398031,0.005557452934583088
2025-03-28 15:00:00+00:00,2025-03-29 10:00:00+00:00,LONG,84109.6428046875,82707.2178046875,-8.361858123671839,0.005630379587369229
2025-03-30 05:00:00+00:00,2025-03-31 01:00:00+00:00,SHORT,82851.84646875,82058.92225781249,4.05941317918042,0.005710523841612903
2025-03-31 10:00:00+00:00,2025-03-31 14:00:00+00:00,SHORT,82046.12175,83581.325953125,-9.338432039545745,0.005768788929602009
2025-03-31 15:00:00+00:00,2025-04-01 09:00:00+00:00,SHORT,83417.124375,84442.2094140625,-6.28890566781517,0.0056680948362919144
2025-04-01 10:00:00+00:00,2025-04-01 15:00:00+00:00,SHORT,84102.329109375,85358.17133593748,-7.534723513991866,0.005617895376260191
2025-04-01 16:00:00+00:00,2025-04-02 12:00:00+00:00,SHORT,85113.3249140625,85086.07920312499,-0.32080933902308173,0.005546460865357196
2025-04-02 14:00:00+00:00,2025-04-02 15:00:00+00:00,SHORT,85796.2350703125,86911.29321875,-6.6130564899441,0.005501850763220453
2025-04-02 16:00:00+00:00,2025-04-02 21:00:00+00:00,SHORT,86894.846296875,84887.12263281249,10.43756835511755,0.005428214063040882
2025-04-02 22:00:00+00:00,2025-04-03 12:00:00+00:00,LONG,82908.29421874999,81904.060828125,-6.185806742855869,0.005695233816475136
2025-04-03 13:00:00+00:00,2025-04-03 23:00:00+00:00,SHORT,82197.8838984375,83188.23794531249,-6.162568514784047,0.005740405945738421
2025-04-04 00:00:00+00:00,2025-04-04 07:00:00+00:00,SHORT,82935.497109375,84035.13868749999,-6.729618877901368,0.005685352074866803
2025-04-04 08:00:00+00:00,2025-04-04 10:00:00+00:00,SHORT,84291.7410703125,82604.0606015625,8.971741334171677,0.005589603889649785
2025-04-04 11:00:00+00:00,2025-04-05 07:00:00+00:00,LONG,82714.99173437498,83402.685703125,3.445242170299702,0.005701293841156372
2025-04-05 08:00:00+00:00,2025-04-05 13:00:00+00:00,LONG,83581.0678828125,82620.26578125,-5.8890709575741225,0.005643995319523383
2025-04-05 14:00:00+00:00,2025-04-06 10:00:00+00:00,LONG,83016.79323437499,82720.91503125,-2.149885378431912,0.005678527168530589
2025-04-06 11:00:00+00:00,2025-04-06 16:00:00+00:00,LONG,82881.8537421875,81881.0604140625,-6.1562933652016865,0.005686191001071755
2025-04-06 17:00:00+00:00,2025-04-06 18:00:00+00:00,LONG,80790.3737265625,78898.8424921875,-11.486212110205825,0.005829291911980921
2025-04-06 19:00:00+00:00,2025-04-06 20:00:00+00:00,LONG,79676.66738281249,78731.19,-6.046178889756502,0.005903269168264841
2025-04-06 21:00:00+00:00,2025-04-07 04:00:00+00:00,SHORT,78850.91390625,77069.4064765625,10.160083499125362,0.0059609580171093805
2025-04-07 05:00:00+00:00,2025-04-07 06:00:00+00:00,SHORT,76747.26965625,74905.12717187499,10.834333081224093,0.00613066096473351
2025-04-07 07:00:00+00:00,2025-04-07 08:00:00+00:00,SHORT,75016.861171875,76277.5998359375,-8.395103912023046,0.0062789841370701665
2025-04-07 09:00:00+00:00,2025-04-07 12:00:00+00:00,SHORT,76117.7669765625,77369.73775781249,-8.218443082848593,0.006182346031987906
2025-04-07 13:00:00+00:00,2025-04-07 14:00:00+00:00,SHORT,78180.89709375,79049.80677343749,-5.7006889432526116,0.006013641959041202
2025-04-07 15:00:00+00:00,2025-04-07 22:00:00+00:00,SHORT,78604.9179609375,80073.52478124999,-9.256891661244353,0.00597727716411617
2025-04-07 23:00:00+00:00,2025-04-08 01:00:00+00:00,SHORT,79054.3665,80751.5380546875,-10.555782872717426,0.005937142565844465
2025-04-08 02:00:00+00:00,2025-04-08 16:00:00+00:00,SHORT,79811.35875,77505.2324921875,13.090748621270757,0.00587392314464468
2025-04-08 17:00:00+00:00,2025-04-08 23:00:00+00:00,LONG,77372.467046875,76185.113625,-7.666184318546478,0.006067234281471966
2025-04-09 00:00:00+00:00,2025-04-09 02:00:00+00:00,LONG,76520.18592968749,75493.1422265625,-6.757994173020192,0.006129495083554651
2025-04-09 03:00:00+00:00,2025-04-09 05:00:00+00:00,LONG,75078.03428124999,76545.0267890625,8.679759562406945,0.0062424217245646415
2025-04-09 06:00:00+00:00,2025-04-09 07:00:00+00:00,SHORT,76679.790328125,77817.36462499999,-7.435010914836774,0.0061173785787379895
2025-04-09 08:00:00+00:00,2025-04-09 16:00:00+00:00,SHORT,77232.7914609375,78239.22356249999,-6.582284501851356,0.006068459955916018
2025-04-09 17:00:00+00:00,2025-04-09 20:00:00+00:00,SHORT,82052.7947578125,83196.0269765625,-7.0000668189607005,0.005707685584829086
2025-04-09 21:00:00+00:00,2025-04-10 08:00:00+00:00,SHORT,83185.63734375,81559.9550390625,8.686410735698248,0.005625467915593549
2025-04-10 09:00:00+00:00,2025-04-10 13:00:00+00:00,LONG,82093.4254765625,80781.715546875,-7.9446069443428415,0.005705317494386609
2025-04-10 14:00:00+00:00,2025-04-10 15:00:00+00:00,LONG,81315.8361640625,78562.3043671875,-16.29785768405385,0.005754702033702023
2025-04-10 16:00:00+00:00,2025-04-11 07:00:00+00:00,LONG,79483.09118749999,81130.4367890625,9.204409876677428,0.005876848905372991
2025-04-11 08:00:00+00:00,2025-04-11 09:00:00+00:00,SHORT,81436.3805390625,82378.436765625,-5.881540072926757,0.005741254453279822
2025-04-11 10:00:00+00:00,2025-04-11 17:00:00+00:00,SHORT,82504.6393359375,83930.43252343748,-8.549670178385355,0.005663069759915894
2025-04-11 18:00:00+00:00,2025-04-12 14:00:00+00:00,LONG,83658.4733359375,84804.0875859375,5.918869313244511,0.0055795744827472965
2025-04-13 11:00:00+00:00,2025-04-13 13:00:00+00:00,LONG,84529.78127343749,83426.49,-6.5569560349957,0.005525286834843202
2025-04-13 14:00:00+00:00,2025-04-14 10:00:00+00:00,LONG,84131.250328125,84595.335609375,2.1051391730489417,0.0055472857640408955
2025-04-14 11:00:00+00:00,2025-04-15 07:00:00+00:00,SHORT,84784.47440625,85746.75484375,-5.769927123748827,0.005505512801481128
2025-04-15 09:00:00+00:00,2025-04-15 19:00:00+00:00,SHORT,85854.575109375,84094.5339609375,9.105852628832455,0.005433259359324156
2025-04-15 20:00:00+00:00,2025-04-16 00:00:00+00:00,LONG,84031.0173828125,83069.675296875,-5.803072538611896,0.005556307152031023
2025-04-16 01:00:00+00:00,2025-04-16 21:00:00+00:00,LONG,83696.8554296875,84487.724578125,3.937896461150457,0.005574745212912618
2025-04-16 22:00:00+00:00,2025-04-17 18:00:00+00:00,SHORT,84406.7977734375,85183.84874999999,-4.76808317358182,0.005529912540767286
2025-04-18 02:00:00+00:00,2025-04-18 22:00:00+00:00,LONG,84984.48552343748,84431.468390625,-3.499110084465257,0.005489242705782228
2025-04-18 23:00:00+00:00,2025-04-19 07:00:00+00:00,SHORT,84357.3316640625,85288.00749218749,-5.6159452752749415,0.005527701950004304
2025-04-19 08:00:00+00:00,2025-04-20 04:00:00+00:00,SHORT,85212.1478671875,85260.7615234375,-0.7321165168397351,0.005468681238851141
2025-04-20 06:00:00+00:00,2025-04-21 00:00:00+00:00,SHORT,84861.943734375,86720.9233515625,-10.682952884115972,0.0054905432061792365
2025-04-21 01:00:00+00:00,2025-04-21 14:00:00+00:00,SHORT,87201.74221875,88256.77016406249,-6.1015142035218854,0.005336828281639931
2025-04-21 17:00:00+00:00,2025-04-22 12:00:00+00:00,LONG,86885.5878515625,88960.5675703125,10.630105112930137,0.00535246858350578
2025-04-22 13:00:00+00:00,2025-04-22 17:00:00+00:00,SHORT,90014.161359375,91583.35905468749,-8.589695949626462,0.0051720820917597905
2025-04-22 21:00:00+00:00,2025-04-23 17:00:00+00:00,LONG,93020.16942968749,93828.312140625,3.5716259168219193,0.005000075488941003
2025-04-24 02:00:00+00:00,2025-04-24 07:00:00+00:00,LONG,93225.91403125,92120.75578125,-5.975268372303002,0.004990706713682035
2025-04-24 08:00:00+00:00,2025-04-25 04:00:00+00:00,LONG,92110.96425781249,93021.0342890625,4.124153062584136,0.005047620250344971
2025-04-25 05:00:00+00:00,2025-04-25 14:00:00+00:00,LONG,93352.05567187499,95425.962890625,9.857730120375264,0.004982473344734006
2025-04-25 15:00:00+00:00,2025-04-26 11:00:00+00:00,SHORT,95066.6116640625,94289.85190624998,3.342432464768622,0.00489755289697375
2025-04-26 12:00:00+00:00,2025-04-27 08:00:00+00:00,LONG,94375.3983046875,94155.7265859375,-1.5487218516392833,0.004934947133070226
2025-04-27 10:00:00+00:00,2025-04-28 01:00:00+00:00,LONG,94136.51903906249,92862.3025546875,-6.762118519636087,0.004946400005827841
2025-04-28 05:00:00+00:00,2025-04-28 11:00:00+00:00,SHORT,94166.02096875,95370.24371874999,-6.421305280310037,0.004941012541115441
2025-04-28 12:00:00+00:00,2025-04-29 08:00:00+00:00,SHORT,95311.3666640625,95128.25196874999,0.42920000765043304,0.004878024288054767
2025-04-29 11:00:00+00:00,2025-04-30 07:00:00+00:00,SHORT,95076.000703125,94715.87907031248,1.2978557184239765,0.004890081319354607
2025-04-30 08:00:00+00:00,2025-04-30 13:00:00+00:00,LONG,94819.97524999999,92995.7314921875,-9.40161396392837,0.00490372434762337
2025-04-30 17:00:00+00:00,2025-05-01 10:00:00+00:00,LONG,94204.58703906249,96095.948484375,8.851594181857159,0.004930520971686992
2025-05-01 11:00:00+00:00,2025-05-01 16:00:00+00:00,SHORT,96117.786,97204.02879687499,-5.72402838681651,0.004836743200157584
2025-05-01 19:00:00+00:00,2025-05-02 15:00:00+00:00,LONG,96634.83517187499,97296.777703125,2.7146257963285767,0.0048076617583260916
2025-05-02 22:00:00+00:00,2025-05-03 18:00:00+00:00,LONG,96758.01291406249,96055.50459375,-3.835265740782254,0.004802704080957496
2025-05-03 19:00:00+00:00,2025-05-04 15:00:00+00:00,SHORT,96286.8121171875,95570.25603124998,2.9956196719637016,0.004823974280404911
2025-05-04 17:00:00+00:00,2025-05-05 13:00:00+00:00,SHORT,95333.4227109375,94215.12882031249,4.990893245338145,0.004873544332217985
2025-05-05 22:00:00+00:00,2025-05-06 18:00:00+00:00,SHORT,94949.564765625,95144.32271093749,-1.4192543571877207,0.0048956304028398125
2025-05-06 19:00:00+00:00,2025-05-06 22:00:00+00:00,SHORT,94853.1378515625,96376.27217968748,-7.934976967905911,0.00489961409725452
2025-05-06 23:00:00+00:00,2025-05-07 19:00:00+00:00,SHORT,96740.75615625,96293.29084374999,1.6855101084890338,0.0047996708295253415
2025-05-08 01:00:00+00:00,2025-05-08 02:00:00+00:00,SHORT,97703.1287578125,98781.8003046875,-5.596458339490233,0.004753019177273801
2025-05-08 03:00:00+00:00,2025-05-08 15:00:00+00:00,SHORT,99044.8481953125,100943.764796875,-9.370490444397923,0.004685572353962073
2025-05-08 21:00:00+00:00,2025-05-09 17:00:00+00:00,LONG,102878.26767968749,103096.51903125,0.5189107333011582,0.004506200234021957
2025-05-10 17:00:00+00:00,2025-05-11 13:00:00+00:00,LONG,103326.7235,103981.492546875,2.4712016200474927,0.004486669316742166
2025-05-11 14:00:00+00:00,2025-05-12 10:00:00+00:00,LONG,104349.229359375,104402.5008046875,-0.2272093807250436,0.0044436669366192914
2025-05-12 11:00:00+00:00,2025-05-12 15:00:00+00:00,LONG,103855.81456249999,102432.4728046875,-6.811736651021191,0.00446444599360275
2025-05-12 17:00:00+00:00,2025-05-13 13:00:00+00:00,LONG,102672.02257812499,103678.93603125,4.075734944204599,0.004512377314054185
2025-05-13 14:00:00+00:00,2025-05-13 17:00:00+00:00,SHORT,103087.96509375,104393.2186171875,-6.33766285645621,0.004495922749566685
2025-05-13 18:00:00+00:00,2025-05-14 14:00:00+00:00,SHORT,104268.5879765625,103379.4245859375,3.490259472448056,0.00444175450670181
2025-05-14 18:00:00+00:00,2025-05-15 14:00:00+00:00,SHORT,103303.546171875,102046.99974218749,5.177599387507517,0.004484713680415338
2025-05-15 15:00:00+00:00,2025-05-16 02:00:00+00:00,SHORT,103124.2490859375,104286.18199999999,-5.691397511447311,0.004494796776597049
2025-05-16 03:00:00+00:00,2025-05-16 23:00:00+00:00,SHORT,103929.7084453125,103583.90229687499,1.0795847511035688,0.004457000825914122
2025-05-17 00:00:00+00:00,2025-05-17 20:00:00+00:00,LONG,103488.49448437498,103301.235984375,-1.3006327343418933,0.004476300647560876
2025-05-17 21:00:00+00:00,2025-05-18 13:00:00+00:00,SHORT,103166.73,104817.81466406249,-7.882960558126,0.004489406817081893
2025-05-18 14:00:00+00:00,2025-05-18 23:00:00+00:00,SHORT,105163.1300390625,106584.71260937498,-6.724260718239719,0.004400212459321147
2025-05-19 00:00:00+00:00,2025-05-19 03:00:00+00:00,LONG,105362.18661718749,103503.018375,-8.613160642098553,0.004388488696588998
2025-05-19 04:00:00+00:00,2025-05-19 16:00:00+00:00,LONG,103080.1255859375,105252.3688359375,9.262686346401154,0.004481241998118884
2025-05-19 17:00:00+00:00,2025-05-20 01:00:00+00:00,SHORT,105296.4497109375,106746.57743749999,-6.836387586097146,0.004391097963742334
2025-05-20 02:00:00+00:00,2025-05-20 19:00:00+00:00,SHORT,105976.19896875,107158.13702343749,-5.6198008443067184,0.004359489136996016
2025-05-20 20:00:00+00:00,2025-05-21 14:00:00+00:00,SHORT,106821.696375,108993.8771796875,-9.859549319411597,0.004322136922605762
2025-05-21 15:00:00+00:00,2025-05-21 17:00:00+00:00,SHORT,108917.0130234375,106501.8720390625,9.775356714619305,0.004234250672782008
2025-05-21 18:00:00+00:00,2025-05-21 23:00:00+00:00,LONG,107154.82121093749,109512.40921875,9.685227345070501,0.00430823027087206
2025-05-22 00:00:00+00:00,2025-05-22 03:00:00+00:00,SHORT,109754.245265625,111915.91348437499,-9.572689290474523,0.004210395891999357
2025-05-22 04:00:00+00:00,2025-05-22 08:00:00+00:00,LONG,111599.24557031249,110314.6296328125,-5.769840355773611,0.004136292150822389
2025-05-22 09:00:00+00:00,2025-05-23 05:00:00+00:00,LONG,110892.36752343748,110717.3046796875,-1.188802282622774,0.004159849062837658
2025-05-23 06:00:00+00:00,2025-05-23 11:00:00+00:00,LONG,110624.87373437498,108959.306625,-7.398287883432693,0.004169161877065434
2025-05-23 12:00:00+00:00,2025-05-23 23:00:00+00:00,LONG,108642.28374999999,107142.047578125,-6.817898663815115,0.00424162688115483
2025-05-24 00:00:00+00:00,2025-05-24 20:00:00+00:00,LONG,107483.35253906249,108780.844640625,5.092410413437927,0.004283975930895511
2025-05-24 21:00:00+00:00,2025-05-25 17:00:00+00:00,SHORT,108752.0375390625,107494.48866406249,4.871779085843086,0.004236129302862359
2025-05-25 19:00:00+00:00,2025-05-25 22:00:00+00:00,SHORT,107672.1575625,109272.397609375,-7.317847090311638,0.004280663246367219
2025-05-25 23:00:00+00:00,2025-05-26 07:00:00+00:00,SHORT,108932.380453125,110185.02807812499,-5.761471016369088,0.004227570423526446
2025-05-26 08:00:00+00:00,2025-05-27 04:00:00+00:00,SHORT,109601.835328125,109056.09558593748,1.8335952025532465,0.004198909706884811
2025-05-27 06:00:00+00:00,2025-05-27 09:00:00+00:00,SHORT,108772.2985078125,109974.21591406249,-5.551352600876994,0.004231563421161048
2025-05-27 10:00:00+00:00,2025-05-28 06:00:00+00:00,SHORT,109613.042859375,108869.87048437499,2.661764606738021,0.004196364649025935
2025-05-28 07:00:00+00:00,2025-05-28 14:00:00+00:00,LONG,108962.00158593748,107442.5514609375,-6.869469755859788,0.004222448017163212
2025-05-28 15:00:00+00:00,2025-05-29 11:00:00+00:00,LONG,107234.79954687499,108642.96703125,5.571114007176411,0.004287040323459097
2025-05-29 12:00:00+00:00,2025-05-29 18:00:00+00:00,SHORT,108375.35990625,106045.39257812499,9.438949586197973,0.004244280986363319
2025-05-29 19:00:00+00:00,2025-05-30 15:00:00+00:00,LONG,105853.64633593749,105465.788015625,-2.145778424548731,0.004349632195800906
2025-05-31 17:00:00+00:00,2025-06-01 13:00:00+00:00,SHORT,104287.32703125,104399.49050781249,-0.9558463406573426,0.004413710957086408
2025-06-01 14:00:00+00:00,2025-06-01 23:00:00+00:00,SHORT,104552.8190859375,105774.95053124998,-5.845212816926477,0.004401825938350516
2025-06-02 00:00:00+00:00,2025-06-02 20:00:00+00:00,SHORT,105380.5374140625,105007.89517968749,1.168025777580268,0.004364259762376015
2025-06-02 22:00:00+00:00,2025-06-03 15:00:00+00:00,SHORT,105608.5591640625,106798.40264843749,-5.647098504592311,0.004355172049513081
2025-06-03 16:00:00+00:00,2025-06-04 12:00:00+00:00,LONG,105987.79597656248,104994.010265625,-4.765086498752249,0.004336707719300367
2025-06-04 13:00:00+00:00,2025-06-05 09:00:00+00:00,LONG,104897.47236718748,104849.7874453125,-0.6679943160599064,0.004379293860633584
2025-06-05 10:00:00+00:00,2025-06-05 12:00:00+00:00,SHORT,104595.9868125,105829.34862499998,-5.880894254482164,0.004391377739935173
2025-06-05 16:00:00+00:00,2025-06-05 19:00:00+00:00,LONG,103530.02816406249,101915.5449375,-7.609705307334123,0.004433529919555867
2025-06-05 20:00:00+00:00,2025-06-06 04:00:00+00:00,LONG,100687.8294296875,102714.417140625,8.76261190982711,0.004554672045233078
2025-06-06 07:00:00+00:00,2025-06-06 13:00:00+00:00,SHORT,103094.9034609375,104253.94667187499,-5.624649054407856,0.004452356296797016
2025-06-06 14:00:00+00:00,2025-06-07 10:00:00+00:00,SHORT,104738.3833359375,105314.14643749999,-2.982838344427124,0.0043795888839134305
2025-06-07 11:00:00+00:00,2025-06-08 07:00:00+00:00,SHORT,105028.83478125,105578.9813203125,-2.8627920432800193,0.00436583898947344
2025-06-08 08:00:00+00:00,2025-06-09 04:00:00+00:00,LONG,105519.3436171875,105436.31751562499,-0.8186751879468126,0.004343970495292429
2025-06-09 05:00:00+00:00,2025-06-09 11:00:00+00:00,LONG,105599.5956640625,107666.6864765625,8.504027212161613,0.004340064562448812
2025-06-09 12:00:00+00:00,2025-06-09 21:00:00+00:00,SHORT,107726.8137890625,110145.63716406249,-10.76859832744438,0.004258098171882945
2025-06-10 14:00:00+00:00,2025-06-11 10:00:00+00:00,LONG,108744.59689843749,109249.8517265625,1.6684017277886538,0.0042130827318442084
2025-06-11 11:00:00+00:00,2025-06-12 03:00:00+00:00,LONG,109350.866625,107763.4802109375,-7.103148770165695,0.0041902776823227305
2025-06-12 04:00:00+00:00,2025-06-12 20:00:00+00:00,LONG,107842.91486718749,105827.113828125,-9.007083773127276,0.004245363995974313
2025-06-13 00:00:00+00:00,2025-06-13 07:00:00+00:00,SHORT,103834.2727265625,105050.35165624999,-5.819182740088203,0.00440470347774704
2025-06-13 08:00:00+00:00,2025-06-13 16:00:00+00:00,SHORT,104725.38853125,105919.57157031249,-5.673942753196612,0.004364226874704108
2025-06-13 17:00:00+00:00,2025-06-14 13:00:00+00:00,SHORT,105346.157765625,105173.99861718749,0.2904208181539211,0.004335600038709076
2025-06-14 14:00:00+00:00,2025-06-15 10:00:00+00:00,LONG,105071.96699999999,105039.32428125,-0.5984811053223296,0.0043468348678303475
2025-06-15 11:00:00+00:00,2025-06-16 07:00:00+00:00,LONG,105090.60280468749,106935.70725,7.553320002863435,0.004345561991457094
2025-06-16 08:00:00+00:00,2025-06-16 18:00:00+00:00,SHORT,107057.632078125,108377.87116406248,-6.098812895229473,0.004269032972703234
2025-06-16 21:00:00+00:00,2025-06-16 23:00:00+00:00,LONG,108671.2110859375,106714.303875,-8.672635354915423,0.00420262887000547
2025-06-17 00:00:00+00:00,2025-06-17 09:00:00+00:00,LONG,107361.4807890625,106048.4625703125,-6.030531239680446,0.004249646136480094
2025-06-17 10:00:00+00:00,2025-06-17 14:00:00+00:00,LONG,106086.76203125,104861.6505703125,-5.715761327410708,0.004297651793073235
2025-06-18 04:00:00+00:00,2025-06-19 00:00:00+00:00,SHORT,105349.9820625,105095.31063281248,0.6468836425826174,0.004324778892986547
2025-06-19 02:00:00+00:00,2025-06-19 22:00:00+00:00,SHORT,104681.7525234375,104746.52469531249,-0.7378262635760935,0.004352477210501317
2025-06-20 00:00:00+00:00,2025-06-20 07:00:00+00:00,SHORT,104618.4096796875,105946.68459374999,-6.245378335752836,0.004354542102562306
2025-06-20 08:00:00+00:00,2025-06-20 16:00:00+00:00,SHORT,105907.626984375,103882.38798437499,8.258702634013039,0.004298370527556083
2025-06-20 17:00:00+00:00,2025-06-21 13:00:00+00:00,LONG,103305.11597656249,103490.4762421875,0.36108130283855244,0.004410434002097122
2025-06-21 17:00:00+00:00,2025-06-21 19:00:00+00:00,LONG,103321.27274218749,102174.3717890625,-5.508045679864176,0.004409698574618129
2025-06-21 20:00:00+00:00,2025-06-21 21:00:00+00:00,LONG,102955.25865625,101468.554875,-7.023659062885977,0.0044224791624460115
2025-06-21 22:00:00+00:00,2025-06-22 13:00:00+00:00,LONG,101923.77507812499,100766.1095859375,-5.617093007511456,0.004463566394546719
2025-06-22 14:00:00+00:00,2025-06-23 05:00:00+00:00,LONG,99629.03732031249,101739.25265625,9.165334337753825,0.0045633275965031
2025-06-23 06:00:00+00:00,2025-06-23 18:00:00+00:00,SHORT,101874.632765625,103158.21922656249,-6.194608708307295,0.0044670145823631335
2025-06-23 19:00:00+00:00,2025-06-23 22:00:00+00:00,LONG,103401.470046875,105615.279,9.271495713277108,0.004397838693413789
2025-06-23 23:00:00+00:00,2025-06-24 19:00:00+00:00,SHORT,105493.1590546875,105710.89435156249,-1.3956115767043829,0.004314818398114466
2025-06-24 21:00:00+00:00,2025-06-25 10:00:00+00:00,SHORT,105943.590984375,107171.86167187498,-5.736526943152971,0.00429559994678193
2025-06-26 12:00:00+00:00,2025-06-27 08:00:00+00:00,LONG,107299.3562265625,106950.2786015625,-1.932846140513442,0.004238438317586447
2025-06-27 09:00:00+00:00,2025-06-28 05:00:00+00:00,LONG,107247.6326796875,107241.3153984375,-0.48141682839400834,0.004239369300101696
2025-06-28 07:00:00+00:00,2025-06-29 03:00:00+00:00,SHORT,107411.9726953125,107358.93136718748,-0.2298963950616109,0.004232447334553012
2025-06-29 05:00:00+00:00,2025-06-30 01:00:00+00:00,LONG,107449.41238281249,108452.2438828125,3.783809224377805,0.004230654052515237
2025-06-30 02:00:00+00:00,2025-06-30 08:00:00+00:00,LONG,108609.72778906248,107406.6655078125,-5.486919279550474,0.00418698916378413
2025-06-30 09:00:00+00:00,2025-07-01 05:00:00+00:00,LONG,107628.14562499999,106864.1460703125,-3.677147738398551,0.0042224147535358456
2025-07-01 06:00:00+00:00,2025-07-01 14:00:00+00:00,LONG,107024.33147656248,105833.2873359375,-5.504345591875396,0.004244306727220822
2025-07-01 15:00:00+00:00,2025-07-02 11:00:00+00:00,LONG,106149.82503124999,107399.4851953125,4.884839418233152,0.004276466404391613
2025-07-02 12:00:00+00:00,2025-07-02 15:00:00+00:00,SHORT,107334.6906796875,108904.06089062498,-7.101319899229455,0.0042313226261248265
2025-07-02 16:00:00+00:00,2025-07-03 12:00:00+00:00,SHORT,109373.6965078125,109291.56519531249,-0.11268750701757024,0.004148985956860604
2025-07-03 15:00:00+00:00,2025-07-04 11:00:00+00:00,LONG,109272.1238984375,108812.5785,-2.360153896156075,0.004152583392729702
2025-07-04 12:00:00+00:00,2025-07-04 15:00:00+00:00,LONG,108887.83374218749,107574.021421875,-5.921419734099969,0.004165946696008572
2025-07-04 16:00:00+00:00,2025-07-05 12:00:00+00:00,LONG,107759.91789062499,108073.2950859375,0.8636300313030556,0.004206593398128115
2025-07-05 16:00:00+00:00,2025-07-06 12:00:00+00:00,LONG,108239.95213281248,108117.3135234375,-0.9664351315008937,0.004188127088405411
2025-07-06 13:00:00+00:00,2025-07-07 09:00:00+00:00,SHORT,108785.4572109375,108945.3599609375,-1.120148434311169,0.00416647316015704
2025-07-07 10:00:00+00:00,2025-07-08 06:00:00+00:00,LONG,108809.68535937498,108188.5859296875,-3.0373550819725605,0.004164822425337877
2025-07-08 07:00:00+00:00,2025-07-09 03:00:00+00:00,SHORT,108367.414734375,108521.51466406249,-1.0978126437636435,0.00418020945119037
2025-07-09 05:00:00+00:00,2025-07-09 19:00:00+00:00,SHORT,108680.4841640625,111891.52974999999,-13.848188561046957,0.004167454296883937
2025-07-09 21:00:00+00:00,2025-07-10 16:00:00+00:00,SHORT,110857.5236953125,112813.61497656249,-8.439400047747249,0.004079162876524563
2025-07-11 02:00:00+00:00,2025-07-11 22:00:00+00:00,LONG,116803.28034374998,117498.97715625,2.2363020424089646,0.0038677108520812583
2025-07-12 05:00:00+00:00,2025-07-13 01:00:00+00:00,SHORT,117613.0582734375,117706.63592187499,-0.8117203973881859,0.003841839916534451
2025-07-13 02:00:00+00:00,2025-07-13 14:00:00+00:00,SHORT,117544.93115625,118872.36298437498,-5.558912245698691,0.0038435290998049486
2025-07-13 15:00:00+00:00,2025-07-14 03:00:00+00:00,SHORT,118613.033859375,120906.35588281248,-9.18948178522437,0.003806384625389756
2025-07-14 15:00:00+00:00,2025-07-15 01:00:00+00:00,LONG,119947.06160937498,118546.0774453125,-5.7134822071802835,0.003760031917173913
2025-07-15 02:00:00+00:00,2025-07-15 06:00:00+00:00,LONG,118426.65991406249,116900.8961484375,-6.251491899919012,0.003805701824235928
2025-07-15 07:00:00+00:00,2025-07-16 03:00:00+00:00,LONG,117020.97438281249,117375.9206484375,0.9143021130539766,0.003848553207026474
2025-07-16 04:00:00+00:00,2025-07-16 08:00:00+00:00,SHORT,117506.7740390625,118827.88104687499,-5.51903978791093,0.003832839825335991
2025-07-16 09:00:00+00:00,2025-07-17 05:00:00+00:00,SHORT,119001.925828125,118738.74512499999,0.546304839261812,0.0037821755314462547
2025-07-17 06:00:00+00:00,2025-07-18 02:00:00+00:00,LONG,118569.24767187498,120072.666515625,5.251206809184724,0.003796017870004917
2025-07-18 03:00:00+00:00,2025-07-18 16:00:00+00:00,SHORT,120189.6665859375,117771.33336718749,8.619829416840682,0.0037468365757117074
2025-07-18 17:00:00+00:00,2025-07-19 13:00:00+00:00,LONG,117821.44592968748,118027.9710703125,0.3385561164579681,0.003825615193813503
2025-07-19 16:00:00+00:00,2025-07-20 12:00:00+00:00,LONG,118161.058640625,117985.630640625,-1.1192475160950544,0.0038145723279840284
2025-07-20 13:00:00+00:00,2025-07-21 09:00:00+00:00,SHORT,118248.461296875,118849.53549218748,-2.7436933829944037,0.003811088960670512
2025-07-21 13:00:00+00:00,2025-07-22 09:00:00+00:00,SHORT,118732.99190625,118571.98478125,0.161007040944399,0.0037941913262076066
2025-07-22 10:00:00+00:00,2025-07-23 06:00:00+00:00,SHORT,118803.3511640625,118581.83055468749,0.3903255720852584,0.003791822445908296
2025-07-23 07:00:00+00:00,2025-07-24 03:00:00+00:00,LONG,118525.234953125,118453.9196953125,-0.7212546647618145,0.0038006944764893305
2025-07-24 05:00:00+00:00,2025-07-25 01:00:00+00:00,LONG,117750.3201875,117386.3789296875,-1.8411789495853756,0.0038252092941249496
2025-07-25 02:00:00+00:00,2025-07-25 03:00:00+00:00,LONG,116650.46361718749,115312.17396093749,-5.611329855825251,0.0038602936094342894
2025-07-25 04:00:00+00:00,2025-07-25 14:00:00+00:00,LONG,116244.84746874998,114868.9925859375,-5.7708249149967585,0.0038711561612672462
2025-07-25 15:00:00+00:00,2025-07-25 20:00:00+00:00,SHORT,115671.2676328125,117197.98715624999,-6.390997406215057,0.0038876630761763547
2025-07-25 22:00:00+00:00,2025-07-26 18:00:00+00:00,SHORT,117185.9701640625,118243.03115624998,-4.506696047727923,0.003834493848584292
2025-07-26 22:00:00+00:00,2025-07-27 18:00:00+00:00,LONG,118214.74508593748,118986.9954609375,2.4817656099305365,0.0037990276015189817
2025-07-27 19:00:00+00:00,2025-07-28 15:00:00+00:00,SHORT,118895.064046875,118314.43060937499,1.7467079369492218,0.0037781443352217594
2025-07-28 16:00:00+00:00,2025-07-29 12:00:00+00:00,LONG,118150.8453125,118797.755203125,2.0081419192064116,0.003802491525028553
2025-07-29 13:00:00+00:00,2025-07-30 09:00:00+00:00,SHORT,118487.5578984375,118316.79234374998,0.1989037281210962,0.003792343598451596
2025-07-30 10:00:00+00:00,2025-07-31 06:00:00+00:00,SHORT,117961.6780546875,118832.17439843749,-3.7684947168923464,0.0038091439271812607
2025-07-31 07:00:00+00:00,2025-07-31 22:00:00+00:00,SHORT,118540.138078125,116227.29868749999,8.322472806461725,0.0037887767426068026
2025-07-31 23:00:00+00:00,2025-08-01 08:00:00+00:00,LONG,115872.75699999998,114588.5857734375,-5.426336892268807,0.0038793914755149163
2025-08-01 18:00:00+00:00,2025-08-02 14:00:00+00:00,SHORT,113650.6028203125,113236.95195312498,1.1874335411562766,0.003952658252297646
2025-08-03 06:00:00+00:00,2025-08-04 00:00:00+00:00,SHORT,113404.8332109375,114996.53790624999,-6.761182070100725,0.003961549882605734
2025-08-04 01:00:00+00:00,2025-08-04 21:00:00+00:00,LONG,114783.55169531249,115046.4009375,0.5780310441672485,0.003910824983326898
2025-08-04 22:00:00+00:00,2025-08-05 15:00:00+00:00,SHORT,115195.90753125,112947.850640625,8.320267610552017,0.003896881824177401
2025-08-05 16:00:00+00:00,2025-08-06 12:00:00+00:00,LONG,113231.40735156249,113790.298921875,1.76614683688401,0.003967966281844174
2025-08-06 14:00:00+00:00,2025-08-07 10:00:00+00:00,SHORT,114859.946953125,116485.290796875,-6.814522916066839,0.0039122797873280745
2025-08-07 11:00:00+00:00,2025-08-07 22:00:00+00:00,SHORT,116442.7609921875,117729.612,-5.416035947828071,0.0038559808325926365
2025-08-07 23:00:00+00:00,2025-08-08 15:00:00+00:00,LONG,117616.08452343749,116113.8558515625,-6.1740103189205655,0.0038150207469328794
2025-08-08 20:00:00+00:00,2025-08-09 16:00:00+00:00,SHORT,116727.12478125,116816.27770312499,-0.791176715160982,0.0038412379947173245
2025-08-09 18:00:00+00:00,2025-08-10 14:00:00+00:00,LONG,116781.72756249999,118660.2756328125,6.756053073635424,0.0038389112613085932
2025-08-10 15:00:00+00:00,2025-08-11 02:00:00+00:00,SHORT,118679.4907734375,122003.38149999999,-13.026106915554596,0.003780182009968596
2025-08-11 14:00:00+00:00,2025-08-11 19:00:00+00:00,LONG,120349.80770312498,118922.1385078125,-5.756597415831867,0.0037221192760806907
2025-08-11 20:00:00+00:00,2025-08-12 16:00:00+00:00,LONG,119003.57218749999,119512.61775,1.4652745693976064,0.0037616191111587353
2025-08-12 17:00:00+00:00,2025-08-13 10:00:00+00:00,SHORT,119116.280109375,120597.58648437499,-6.020735249185422,0.0037584870216604447
2025-08-13 11:00:00+00:00,2025-08-13 13:00:00+00:00,SHORT,120484.6369453125,121837.80984374999,-5.476887551161676,0.003713117145802705
2025-08-13 14:00:00+00:00,2025-08-13 19:00:00+00:00,SHORT,120901.6570078125,122931.95758593749,-7.962351695271342,0.0036978596427544737
2025-08-13 20:00:00+00:00,2025-08-14 12:00:00+00:00,SHORT,122800.23309375,119070.22471093749,13.133935948412843,0.0036372641605465594
2025-08-14 13:00:00+00:00,2025-08-15 09:00:00+00:00,LONG,118607.33259374999,118621.8297421875,-0.39267436430908687,0.0037711939128063157
2025-08-15 10:00:00+00:00,2025-08-16 06:00:00+00:00,SHORT,118857.0630234375,117598.089984375,4.294899097373524,0.0037629169107333627
2025-08-16 07:00:00+00:00,2025-08-17 03:00:00+00:00,SHORT,117598.7288671875,117883.06999218749,-1.5303894280030523,0.0038048169330858104
2025-08-17 04:00:00+00:00,2025-08-18 00:00:00+00:00,SHORT,118052.98509375,117420.95990624999,1.9500097073236813,0.0037893386854626868
2025-08-18 01:00:00+00:00,2025-08-18 06:00:00+00:00,LONG,116516.80665624999,115172.0251875,-5.606137956242489,0.0038399428334684443
2025-08-18 18:00:00+00:00,2025-08-19 14:00:00+00:00,SHORT,116436.306515625,114051.92235937499,8.718071525258864,0.0038399981267582426
2025-08-19 15:00:00+00:00,2025-08-20 11:00:00+00:00,LONG,113900.83392187499,113482.919109375,-2.087919400148429,0.003929108605384994
2025-08-21 06:00:00+00:00,2025-08-21 15:00:00+00:00,LONG,113941.53082812499,112674.634453125,-5.417013347564776,0.003926592622232763
2025-08-21 16:00:00+00:00,2025-08-22 12:00:00+00:00,LONG,112481.14221093748,112173.0271875,-1.6706308520080393,0.00397496633445506
2025-08-22 14:00:00+00:00,2025-08-22 20:00:00+00:00,SHORT,115777.5050390625,117096.15104687499,-5.543225866267634,0.0038608783840905453
2025-08-22 22:00:00+00:00,2025-08-23 03:00:00+00:00,LONG,116831.28488281248,115399.5708515625,-5.9153747861565025,0.0038234909046893917
2025-08-23 04:00:00+00:00,2025-08-23 14:00:00+00:00,LONG,115985.8621796875,114493.907109375,-6.182608094567116,0.003848617778380574
2025-08-23 15:00:00+00:00,2025-08-24 11:00:00+00:00,LONG,114920.32114062499,114596.75728125,-1.700684498727307,0.0038814179870976023
2025-08-24 12:00:00+00:00,2025-08-24 19:00:00+00:00,LONG,114761.43585156249,112336.6992890625,-9.858702474750542,0.003885856440660496
2025-08-24 20:00:00+00:00,2025-08-25 07:00:00+00:00,LONG,112749.59789843748,111346.089328125,-5.9846207012621875,0.003950623687345707
2025-08-25 08:00:00+00:00,2025-08-25 16:00:00+00:00,SHORT,111423.0825703125,112681.5064375,-5.477252361256981,0.003994771274782454
2025-08-25 20:00:00+00:00,2025-08-26 16:00:00+00:00,SHORT,109696.5452109375,110171.93687499998,-2.3744290177251623,0.0040549464036421096
2025-08-26 20:00:00+00:00,2025-08-27 16:00:00+00:00,SHORT,111235.028625,112259.76480468748,-4.545249866006336,0.00399759549541442
2025-08-27 17:00:00+00:00,2025-08-28 13:00:00+00:00,SHORT,112274.4491015625,112863.04717187499,-2.776638533528944,0.003958364140676426
2025-08-28 14:00:00+00:00,2025-08-29 07:00:00+00:00,SHORT,113095.869046875,110022.521984375,11.640502830922962,0.003928190338847419
2025-08-29 08:00:00+00:00,2025-08-29 14:00:00+00:00,LONG,109738.7619453125,108099.401765625,-7.0832611806220385,0.004053462097665175
2025-08-29 21:00:00+00:00,2025-08-30 17:00:00+00:00,SHORT,108321.086109375,108875.88430468748,-2.7230798183424176,0.00410303777407305
2025-08-30 21:00:00+00:00,2025-08-31 17:00:00+00:00,LONG,108714.53561718749,108883.7026171875,0.2463616584088515,0.004086731633877537
2025-08-31 18:00:00+00:00,2025-09-01 14:00:00+00:00,SHORT,109037.2364296875,109317.15325781249,-1.5859517617280217,0.004074545999539246
2025-09-01 15:00:00+00:00,2025-09-02 02:00:00+00:00,SHORT,108630.7605,110154.46629687499,-6.680622155670109,0.004088857723181796
2025-09-02 03:00:00+00:00,2025-09-02 20:00:00+00:00,SHORT,110238.5963671875,111515.99052343749,-5.591738331106991,0.004025989977895382
2025-09-02 21:00:00+00:00,2025-09-03 17:00:00+00:00,LONG,111306.47653125,112225.5137109375,3.2148646748144154,0.003984653185354114
2025-09-03 18:00:00+00:00,2025-09-04 14:00:00+00:00,SHORT,111890.2243359375,110002.38467968749,7.049308048756246,0.003965103084226457
2025-09-04 15:00:00+00:00,2025-09-05 06:00:00+00:00,LONG,109639.99921874999,111747.999515625,8.08381237798579,0.004049494339307193
2025-09-05 07:00:00+00:00,2025-09-06 03:00:00+00:00,SHORT,112853.658375,111169.18312499998,6.194993957305831,0.003937564398776298
2025-09-06 04:00:00+00:00,2025-09-07 00:00:00+00:00,SHORT,110768.2068515625,110495.4710234375,0.6512803904283408,0.004014293373507663
2025-09-07 04:00:00+00:00,2025-09-08 00:00:00+00:00,SHORT,110472.0501796875,110951.37960156248,-2.3759678981506065,0.004025148526273097
2025-09-08 01:00:00+00:00,2025-09-08 21:00:00+00:00,LONG,111052.90289843749,112178.8572890625,4.057966434598801,0.004002825380136775
2025-09-08 22:00:00+00:00,2025-09-09 15:00:00+00:00,LONG,112351.30156249998,110833.945734375,-6.444659148781514,0.003958174441487548
2025-09-09 16:00:00+00:00,2025-09-10 12:00:00+00:00,LONG,111089.462859375,113157.19828125,7.818378533174921,0.004000033582078774
2025-09-10 13:00:00+00:00,2025-09-11 09:00:00+00:00,SHORT,113851.6671796875,113973.85999999999,-0.922520303380317,0.0039062254766831736
2025-09-11 11:00:00+00:00,2025-09-12 07:00:00+00:00,LONG,114114.44575781249,115020.8561953125,3.0837534077961295,0.0038966312934170517
2025-09-13 06:00:00+00:00,2025-09-14 02:00:00+00:00,LONG,115900.08899218749,115783.06978125,-0.8934335550333399,0.003837735404803602
2025-09-14 05:00:00+00:00,2025-09-15 01:00:00+00:00,SHORT,115806.780421875,115325.41332812498,1.405691484405471,0.0038402497846292067
2025-09-15 03:00:00+00:00,2025-09-15 23:00:00+00:00,SHORT,115442.317125,115466.08510937498,-0.5364396387745386,0.0038527900589361017
2025-09-16 00:00:00+00:00,2025-09-16 17:00:00+00:00,SHORT,114953.4939375,116672.05549999999,-7.100054015229283,0.0038687467064638928
2025-09-16 20:00:00+00:00,2025-09-17 16:00:00+00:00,SHORT,116791.8646640625,115793.49813281248,3.357855375461323,0.0038046204103943377
2025-09-17 17:00:00+00:00,2025-09-18 13:00:00+00:00,LONG,116219.25940624998,117239.3542265625,3.4530781676010998,0.0038246189975133433
2025-09-18 14:00:00+00:00,2025-09-19 10:00:00+00:00,SHORT,117583.658015625,116712.69766406249,2.8522017038061853,0.0037815188274887544
2025-09-19 11:00:00+00:00,2025-09-19 19:00:00+00:00,LONG,116542.46510156248,115094.6729296875,-5.964501186793854,0.003816335908527841
2025-09-20 07:00:00+00:00,2025-09-21 03:00:00+00:00,SHORT,115891.2349453125,115826.24178124999,-0.1949456623633593,0.003835015920972036
2025-09-21 04:00:00+00:00,2025-09-22 00:00:00+00:00,LONG,115709.32810937498,114497.54409375,-5.093940654916314,0.003840768664533478
2025-09-23 14:00:00+00:00,2025-09-24 10:00:00+00:00,SHORT,112603.68984375,113035.59454687499,-2.149374672637739,0.003944238812619478
2025-09-24 11:00:00+00:00,2025-09-25 07:00:00+00:00,SHORT,112946.237578125,111890.5991328125,3.709994012223811,0.003931128454747658
2025-09-25 08:00:00+00:00,2025-09-25 17:00:00+00:00,LONG,111862.44600781248,108827.6181328125,-12.482435680062393,0.003970675446889716
2025-09-27 00:00:00+00:00,2025-09-27 20:00:00+00:00,SHORT,109534.8320859375,109546.94532031249,-0.49262050786896044,0.004049151572048615
2025-09-27 21:00:00+00:00,2025-09-28 17:00:00+00:00,SHORT,109382.898234375,110362.35366406248,-4.4185005070732934,0.004054347960339713
2025-09-28 18:00:00+00:00,2025-09-28 22:00:00+00:00,SHORT,110183.534296875,112048.46778124999,-7.9527681235164165,0.004022681195871607
2025-09-28 23:00:00+00:00,2025-09-29 13:00:00+00:00,SHORT,112003.930828125,113488.82075781249,-6.3192744575752675,0.003953552595600229
2025-09-30 14:00:00+00:00,2025-10-01 08:00:00+00:00,LONG,113762.32836718748,115989.9954609375,8.213307762746272,0.0038894714392654303
2025-10-03 09:00:00+00:00,2025-10-04 05:00:00+00:00,LONG,120500.52076562498,122458.419,6.745613812984878,0.0036752029439911867
2025-10-04 06:00:00+00:00,2025-10-05 02:00:00+00:00,LONG,122646.68822656249,123884.8895390625,4.026538767779088,0.003613460849010755
2025-10-05 03:00:00+00:00,2025-10-05 04:00:00+00:00,SHORT,123665.632453125,125349.15361718749,-6.485047020923096,0.0035851365117438405
2025-10-05 05:00:00+00:00,2025-10-06 01:00:00+00:00,SHORT,124867.8431015625,124208.88167187499,1.8972191583704043,0.0035478450087066083
2025-10-06 02:00:00+00:00,2025-10-06 16:00:00+00:00,SHORT,123924.35784375,125494.60360937499,-6.063022848049698,0.003575442890934526
2025-10-06 17:00:00+00:00,2025-10-07 13:00:00+00:00,SHORT,125286.8611640625,124109.72010937499,3.7213740025228392,0.0035339632167865993
2025-10-07 14:00:00+00:00,2025-10-07 17:00:00+00:00,LONG,122930.88620312499,121117.714171875,-6.969294835234998,0.0036030252715396763
2025-10-07 18:00:00+00:00,2025-10-08 14:00:00+00:00,LONG,121072.12304687499,122156.518078125,3.5172509445843367,0.0036552797424312324
2025-10-08 16:00:00+00:00,2025-10-09 12:00:00+00:00,SHORT,122975.6902734375,123744.34728906248,-3.2125993972539497,0.0035999490036227036
2025-10-09 13:00:00+00:00,2025-10-10 09:00:00+00:00,SHORT,122382.21403125,121506.43974218749,2.727366981651848,0.0036159130792986975
2025-10-10 14:00:00+00:00,2025-10-10 15:00:00+00:00,LONG,121397.92508593749,118953.224578125,-9.347521934270747,0.003646171796202033
2025-10-10 16:00:00+00:00,2025-10-10 19:00:00+00:00,LONG,118462.17195312498,116670.603234375,-7.122311994124325,0.003732399763525414
2025-10-10 20:00:00+00:00,2025-10-10 23:00:00+00:00,LONG,114642.0978828125,112961.878171875,-6.909972625784698,0.0038534706511328307
2025-10-11 00:00:00+00:00,2025-10-11 07:00:00+00:00,SHORT,112649.9170078125,110431.01600781249,8.261734033072875,0.003918355061156725
2025-10-11 08:00:00+00:00,2025-10-12 04:00:00+00:00,SHORT,111418.7899921875,111675.07132031249,-1.4590061939949304,0.003965160535852672
2025-10-12 05:00:00+00:00,2025-10-12 15:00:00+00:00,SHORT,111719.4733828125,113455.9910859375,-7.314126192839841,0.003953637944003059
2025-10-12 16:00:00+00:00,2025-10-12 22:00:00+00:00,SHORT,114025.3839140625,115539.61168749999,-6.307661760592547,0.0038702834638630577
2025-10-12 23:00:00+00:00,2025-10-13 14:00:00+00:00,LONG,115289.11925781249,113947.5087421875,-5.567411320069985,0.0038249325872738837
2025-10-13 15:00:00+00:00,2025-10-14 04:00:00+00:00,LONG,114620.1540859375,112985.3780859375,-6.7195050824748055,0.0038446352955994975
2025-10-14 05:00:00+00:00,2025-10-14 09:00:00+00:00,LONG,112628.91483593748,111254.7198515625,-5.80725929709284,0.00390942842465113
2025-10-14 10:00:00+00:00,2025-10-14 21:00:00+00:00,LONG,110839.75246093748,113059.374328125,8.362454141448307,0.003969715671761203
2025-10-14 22:00:00+00:00,2025-10-15 15:00:00+00:00,SHORT,113146.412203125,110878.24403906248,8.396793716446904,0.0038922880223514933
2025-10-15 16:00:00+00:00,2025-10-16 12:00:00+00:00,LONG,110943.60621093749,111544.8513046875,1.9456554126699477,0.00397315591055111
2025-10-16 13:00:00+00:00,2025-10-16 15:00:00+00:00,SHORT,110805.9347109375,108621.94311718749,8.257421480323249,0.003978771433708406
2025-10-16 16:00:00+00:00,2025-10-16 20:00:00+00:00,LONG,109226.29686718748,107677.5349921875,-6.691834384459082,0.004039890830954521
2025-10-16 21:00:00+00:00,2025-10-17 07:00:00+00:00,SHORT,108329.1015234375,105671.581640625,10.386169040356531,0.0040700573915725844
2025-10-17 08:00:00+00:00,2025-10-17 15:00:00+00:00,SHORT,104888.2957734375,106827.36126562499,-8.609760318048549,0.004208314381428495
2025-10-17 16:00:00+00:00,2025-10-17 21:00:00+00:00,SHORT,106303.2543984375,107529.53930468748,-5.532718357976324,0.004148042013201849
2025-10-17 22:00:00+00:00,2025-10-18 18:00:00+00:00,SHORT,106929.93178125,106981.96102343748,-0.6552754030266598,0.004120938586682074
2025-10-18 19:00:00+00:00,2025-10-19 13:00:00+00:00,SHORT,106970.032265625,108236.8240078125,-5.663579705805597,0.004118881487296444
2025-10-19 14:00:00+00:00,2025-10-20 03:00:00+00:00,SHORT,108387.16059375,110321.42214843749,-8.30553049110688,0.004062212483036528
2025-10-20 13:00:00+00:00,2025-10-21 04:00:00+00:00,SHORT,111085.6703203125,107950.85864062498,11.98514626657144,0.003959596088209347
2025-10-21 05:00:00+00:00,2025-10-21 14:00:00+00:00,LONG,107679.39995312499,111928.67803125,16.92263910032311,0.004090212709600881
2025-10-21 15:00:00+00:00,2025-10-21 21:00:00+00:00,SHORT,113237.6880234375,111058.29891406248,8.05970963307707,0.0038967217392467655
2025-10-21 22:00:00+00:00,2025-10-22 06:00:00+00:00,LONG,109176.45019531249,107958.15253125,-5.3649227376596516,0.004045164342003459
2025-10-22 07:00:00+00:00,2025-10-22 21:00:00+00:00,LONG,108452.34399999998,107092.9014609375,-5.968059774347392,0.004069495771760782
2025-10-22 22:00:00+00:00,2025-10-23 01:00:00+00:00,SHORT,107099.793,108304.41496874999,-5.406495233568644,0.0041178967081576074
2025-10-23 02:00:00+00:00,2025-10-23 06:00:00+00:00,SHORT,108297.859359375,110351.89008593748,-8.808262241380797,0.004069641926352425
2025-10-23 07:00:00+00:00,2025-10-23 16:00:00+00:00,SHORT,109194.0169921875,110423.3051796875,-5.401726341295941,0.0040320071678204925
2025-10-23 17:00:00+00:00,2025-10-24 13:00:00+00:00,SHORT,111121.9543125,111008.37403906249,0.01018324081702221,0.003959424238420682
2025-10-24 14:00:00+00:00,2025-10-25 10:00:00+00:00,LONG,110277.28430468749,111522.319171875,4.522212488825468,0.003989556619150093
2025-10-25 12:00:00+00:00,2025-10-26 08:00:00+00:00,SHORT,111822.487453125,111909.75889843749,-0.7840275780378003,0.00393625282638377
2025-10-26 09:00:00+00:00,2025-10-26 12:00:00+00:00,SHORT,112352.238421875,113719.09767968749,-5.799644897267449,0.003917148238560799
2025-10-26 13:00:00+00:00,2025-10-27 00:00:00+00:00,SHORT,113609.7140625,114934.01450781249,-5.571342246241241,0.0038710456161095974
2025-10-27 21:00:00+00:00,2025-10-28 17:00:00+00:00,LONG,114561.9396796875,115210.3540078125,2.0455018278682937,0.0038362464031799102
2025-10-28 19:00:00+00:00,2025-10-29 00:00:00+00:00,LONG,113748.83050781248,112432.907671875,-5.519702136849634,0.003864374937087957
2025-10-29 01:00:00+00:00,2025-10-29 15:00:00+00:00,LONG,112685.83107031249,111434.594484375,-5.311943748804069,0.0038981845548091685
2025-10-29 16:00:00+00:00,2025-10-29 23:00:00+00:00,LONG,111283.85236718749,109981.829953125,-5.569948279736804,0.003944710721191853
2025-10-30 00:00:00+00:00,2025-10-30 13:00:00+00:00,SHORT,110440.776796875,107895.94440624998,9.67976296925655,0.00397210316431354
2025-10-30 14:00:00+00:00,2025-10-31 00:00:00+00:00,SHORT,108215.6057578125,109502.24441406249,-5.665607957374878,0.004058048836389041
2025-10-31 01:00:00+00:00,2025-10-31 14:00:00+00:00,SHORT,109450.0263515625,110906.67087499998,-6.285083548676218,0.004009491729188984
2025-10-31 15:00:00+00:00,2025-10-31 16:00:00+00:00,LONG,110270.64485937498,108644.637234375,-6.898026569639787,0.00397660483303704
2025-10-31 17:00:00+00:00,2025-11-01 13:00:00+00:00,LONG,109335.73432031249,109788.8902734375,1.3759587035797882,0.004007253031647292
2025-11-01 16:00:00+00:00,2025-11-02 12:00:00+00:00,SHORT,110398.444171875,110836.48357031248,-2.1785451485601333,0.003969103434807498
2025-11-02 15:00:00+00:00,2025-11-03 02:00:00+00:00,LONG,110235.36742968748,108927.5649609375,-5.629785157961945,0.003973788247585549
2025-11-03 03:00:00+00:00,2025-11-03 15:00:00+00:00,LONG,108115.80467187498,105715.3741171875,-10.14710027281573,0.004048886442001997
2025-11-03 16:00:00+00:00,2025-11-04 05:00:00+00:00,SHORT,106610.610796875,104323.36758593749,8.952343848778225,0.0041010868429475385
2025-11-04 06:00:00+00:00,2025-11-04 16:00:00+00:00,SHORT,104524.6831875,102306.21182031248,8.860389194038241,0.004187002688124658
2025-11-04 17:00:00+00:00,2025-11-05 03:00:00+00:00,SHORT,100984.2271875,102220.39171093749,-5.805869881813795,0.004337967214140283
2025-11-05 04:00:00+00:00,2025-11-05 13:00:00+00:00,SHORT,101839.605328125,103068.19960937499,-5.724105752578185,0.004298465891210102
2025-11-05 14:00:00+00:00,2025-11-05 18:00:00+00:00,SHORT,103047.2636484375,104412.62863281248,-6.239353486581373,0.0042451003684924535
2025-11-05 19:00:00+00:00,2025-11-06 15:00:00+00:00,SHORT,103999.380890625,102046.67128906249,7.778385036812544,0.004203026336980349
2025-11-06 16:00:00+00:00,2025-11-07 12:00:00+00:00,LONG,100952.19509375,99487.038375,-6.780428096579289,0.004333528361138403
2025-11-07 13:00:00+00:00,2025-11-07 18:00:00+00:00,LONG,100349.93718749999,102501.5598984375,8.925848782584737,0.004355939998012625
2025-11-07 19:00:00+00:00,2025-11-08 15:00:00+00:00,SHORT,103140.9355078125,101739.07493749999,5.515353538832694,0.004242183179381898
2025-11-08 16:00:00+00:00,2025-11-09 12:00:00+00:00,LONG,101849.1458359375,101953.8581484375,0.011857163999162368,0.004298481137603557
2025-11-09 13:00:00+00:00,2025-11-09 16:00:00+00:00,SHORT,102774.91907812499,103922.33414062498,-5.330139427797385,0.0042595541714863395
2025-11-09 17:00:00+00:00,2025-11-09 19:00:00+00:00,SHORT,103497.5941171875,104890.9736875,-6.333227361431898,0.004227025210362762
2025-11-09 20:00:00+00:00,2025-11-10 00:00:00+00:00,SHORT,104484.0285703125,106479.94388281248,-8.796164764353765,0.004183877764016502
2025-11-10 01:00:00+00:00,2025-11-10 21:00:00+00:00,LONG,105862.96814843749,105398.605265625,-2.3502768731731303,0.00412501884095559
2025-11-11 02:00:00+00:00,2025-11-11 05:00:00+00:00,LONG,106655.32221093749,105159.01696875,-6.554900665118267,0.004093067096340843
2025-11-11 07:00:00+00:00,2025-11-11 15:00:00+00:00,LONG,104893.49964843749,103375.2634453125,-6.743443445638967,0.004158482833068113
2025-11-11 16:00:00+00:00,2025-11-12 12:00:00+00:00,LONG,103492.50630468749,104910.874734375,5.531374509158627,0.004211308152516562
2025-11-12 13:00:00+00:00,2025-11-12 15:00:00+00:00,SHORT,104911.4288671875,102203.04625781249,10.833312178451285,0.004156778884987411
2025-11-12 16:00:00+00:00,2025-11-13 06:00:00+00:00,LONG,101552.2398515625,103496.2048828125,7.912907562055857,0.004299397766858543
2025-11-13 07:00:00+00:00,2025-11-13 16:00:00+00:00,SHORT,103339.884796875,100666.80060937499,10.877829983660794,0.00422864113696928
2025-11-13 17:00:00+00:00,2025-11-13 18:00:00+00:00,LONG,99818.30452343749,98587.6808203125,-5.826009416774294,0.004383057117282432
2025-11-13 19:00:00+00:00,2025-11-14 05:00:00+00:00,LONG,98749.64317968748,97368.8539921875,-6.54427692234133,0.004427318824267968
2025-11-14 06:00:00+00:00,2025-11-14 13:00:00+00:00,SHORT,97152.1646484375,95192.13610156249,8.385282454355105,0.004496524416786396
2025-11-14 14:00:00+00:00,2025-11-14 20:00:00+00:00,SHORT,96291.6198046875,94354.27564062498,8.36871576214821,0.004540836504162324
2025-11-14 21:00:00+00:00,2025-11-15 02:00:00+00:00,SHORT,94911.009609375,96337.47560937499,-7.021749679689201,0.004611067542303446
2025-11-15 03:00:00+00:00,2025-11-15 23:00:00+00:00,SHORT,96237.587953125,95618.27274999999,2.3794857069867668,0.004543631190052757
2025-11-16 00:00:00+00:00,2025-11-16 15:00:00+00:00,LONG,95518.39953906249,94291.9964296875,-6.04727575565446,0.00457885830656572
2025-11-16 16:00:00+00:00,2025-11-17 12:00:00+00:00,LONG,94215.22266406249,95176.181671875,4.016151196474617,0.004638751284057241
2025-11-17 13:00:00+00:00,2025-11-17 17:00:00+00:00,LONG,93937.35132031249,92590.78528125,-6.6983798504029135,0.0046543779920978565
2025-11-17 18:00:00+00:00,2025-11-17 19:00:00+00:00,LONG,92546.56348437499,91493.961328125,-5.400669967350935,0.004720468747663798
2025-11-17 20:00:00+00:00,2025-11-18 02:00:00+00:00,LONG,91960.75951562499,90741.4801875,-6.2191468331896465,0.0047473649225472
2025-11-18 03:00:00+00:00,2025-11-18 15:00:00+00:00,SHORT,90617.3934609375,92980.2858359375,-11.822743516393901,0.004814070250845033
2025-11-18 16:00:00+00:00,2025-11-19 04:00:00+00:00,SHORT,93296.1651328125,91516.59704687499,7.88197838023227,0.0046692760452539195
2025-11-19 05:00:00+00:00,2025-11-19 17:00:00+00:00,LONG,90329.17643749999,89196.916921875,-5.8956853117806265,0.004826766763581991
2025-11-19 18:00:00+00:00,2025-11-19 21:00:00+00:00,SHORT,89066.8518046875,90721.13049999998,-8.535877788231605,0.004891620997301372
2025-11-19 22:00:00+00:00,2025-11-19 23:00:00+00:00,SHORT,90296.628609375,91525.3479765625,-6.363622726885836,0.004820032721051304
2025-11-20 00:00:00+00:00,2025-11-20 04:00:00+00:00,SHORT,91709.44875,92874.12509374999,-5.963394217933042,0.004742071483950945
2025-11-20 05:00:00+00:00,2025-11-20 15:00:00+00:00,SHORT,92432.0925703125,90006.94828124999,10.978733197328767,0.004701536395994453
2025-11-20 16:00:00+00:00,2025-11-20 18:00:00+00:00,LONG,87796.81066406249,86237.3091796875,-8.155888976204398,0.004955761514613285
2025-11-20 19:00:00+00:00,2025-11-21 02:00:00+00:00,LONG,86833.65315624999,85318.3228359375,-8.012501262645475,0.005005783934496187
2025-11-21 03:00:00+00:00,2025-11-21 07:00:00+00:00,SHORT,85797.5150390625,83900.16009374999,9.178463740287873,0.005061313805615853
2025-11-21 08:00:00+00:00,2025-11-21 14:00:00+00:00,SHORT,83541.9135234375,85121.4035546875,-8.661307685868017,0.0052032008820630795
2025-11-21 15:00:00+00:00,2025-11-21 16:00:00+00:00,SHORT,82733.8942265625,84798.04927343749,-11.27882486151564,0.005248520724687145
2025-11-21 17:00:00+00:00,2025-11-22 13:00:00+00:00,SHORT,84761.044734375,83974.06986718749,3.5966134611036558,0.005116087314286276
2025-11-22 16:00:00+00:00,2025-11-23 01:00:00+00:00,SHORT,84597.708234375,85877.42444531248,-7.0025382732657695,0.005127834585508167
2025-11-23 02:00:00+00:00,2025-11-23 13:00:00+00:00,SHORT,85922.616375,86957.02640624999,-5.656665631446128,0.005044437138423754
2025-11-23 15:00:00+00:00,2025-11-24 09:00:00+00:00,LONG,87202.90485156249,85882.703203125,-6.983858181115927,0.004966884222107428
2025-11-24 10:00:00+00:00,2025-11-24 17:00:00+00:00,LONG,86139.96797656249,88305.746484375,10.436950237169032,0.005023868630892001
2025-11-24 18:00:00+00:00,2025-11-25 14:00:00+00:00,SHORT,88586.1923203125,86697.7283046875,8.812052997859366,0.004890785813827772
2025-11-25 15:00:00+00:00,2025-11-26 11:00:00+00:00,LONG,87034.807234375,86944.1328984375,-0.8850332148820221,0.004982776963917695
2025-11-26 12:00:00+00:00,2025-11-26 17:00:00+00:00,LONG,86729.58825781249,89852.167265625,15.16227591528317,0.004999552123378501
2025-11-26 18:00:00+00:00,2025-11-27 01:00:00+00:00,SHORT,90054.3008671875,91129.1865859375,-5.623866464154881,0.004823151435216535
2025-11-27 02:00:00+00:00,2025-11-27 22:00:00+00:00,SHORT,91344.4157109375,91395.7810390625,-0.678360087538983,0.004751714885875543
2025-11-27 23:00:00+00:00,2025-11-28 19:00:00+00:00,LONG,91378.8891640625,91073.5774453125,-1.8825580723349677,0.0047493135855559655
2025-11-28 20:00:00+00:00,2025-11-29 19:00:00+00:00,LONG,91281.29166406249,90584.7542578125,-3.741288148356862,0.004753122623231967
2025-11-29 20:00:00+00:00,2025-11-30 16:00:00+00:00,LONG,91099.43029687498,91724.3713125,2.5382817069371484,0.004760319719970027
2025-11-30 21:00:00+00:00,2025-12-01 00:00:00+00:00,LONG,91263.25020312499,87067.6030546875,-20.35543430574064,0.00475292787096045
2025-12-01 01:00:00+00:00,2025-12-01 03:00:00+00:00,LONG,87404.12149218749,86311.0790859375,-5.838849300547365,0.0049508899351615515
2025-12-01 04:00:00+00:00,2025-12-01 15:00:00+00:00,LONG,85902.50418749999,84552.5581171875,-7.220955498595783,0.005033783480504565
2025-12-01 16:00:00+00:00,2025-12-01 20:00:00+00:00,SHORT,84428.565046875,85554.59412499999,-6.199831084303062,0.0051171299401794965
2025-12-01 21:00:00+00:00,2025-12-02 10:00:00+00:00,SHORT,86338.6452421875,87388.926625,-5.68844534842603,0.005000082450282642
2025-12-02 14:00:00+00:00,2025-12-02 15:00:00+00:00,SHORT,89067.9054375,91039.27645312498,-9.989143871548496,0.0048434319349149975
2025-12-02 16:00:00+00:00,2025-12-02 18:00:00+00:00,SHORT,90811.5272578125,91954.847359375,-5.861007108802011,0.004744698428408522
2025-12-02 19:00:00+00:00,2025-12-03 02:00:00+00:00,SHORT,91859.6967890625,92907.29885937499,-5.34572034822599,0.004687134093521338
2025-12-03 03:00:00+00:00,2025-12-03 23:00:00+00:00,LONG,92830.8083828125,93498.860671875,2.6630496063638955,0.00463499036777717
2025-12-04 00:00:00+00:00,2025-12-04 14:00:00+00:00,LONG,93183.20730468749,91827.034171875,-6.687820286879105,0.004618659886488347
2025-12-04 16:00:00+00:00,2025-12-05 09:00:00+00:00,LONG,92571.54156249999,91055.9076328125,-7.463609230079207,0.004645332942745985
2025-12-05 10:00:00+00:00,2025-12-05 14:00:00+00:00,LONG,91445.17413281249,90179.9407265625,-6.368050902706468,0.004698235351534166
2025-12-05 15:00:00+00:00,2025-12-05 16:00:00+00:00,LONG,90410.429484375,88789.8088125,-8.116703473656507,0.0047482471678728325
2025-12-05 17:00:00+00:00,2025-12-06 13:00:00+00:00,SHORT,89281.7928984375,89780.74574218749,-2.8279730522251847,0.004803485146251866
2025-12-06 14:00:00+00:00,2025-12-07 10:00:00+00:00,SHORT,89960.059265625,89385.22561718749,2.313384286342795,0.004765458445415679
2025-12-07 12:00:00+00:00,2025-12-07 17:00:00+00:00,SHORT,89401.9460625,91086.698828125,-8.517391375621264,0.004796262019238479
2025-12-07 18:00:00+00:00,2025-12-08 14:00:00+00:00,SHORT,91295.1369140625,90937.15881249998,1.2529299729800254,0.004691902148326782
2025-12-08 15:00:00+00:00,2025-12-09 11:00:00+00:00,LONG,90144.6170625,90285.1323046875,0.23870566172469815,0.004752242475311203
2025-12-09 15:00:00+00:00,2025-12-09 16:00:00+00:00,SHORT,92631.74428125,94382.38966406249,-8.532412448243347,0.004624544180595397
2025-12-09 17:00:00+00:00,2025-12-10 13:00:00+00:00,SHORT,93748.735546875,92174.30096874999,6.766021329863865,0.004564664812339543
2025-12-10 18:00:00+00:00,2025-12-11 02:00:00+00:00,SHORT,92280.59578125,90136.16330468749,9.53341515306947,0.004640720567692031
2025-12-11 03:00:00+00:00,2025-12-11 20:00:00+00:00,LONG,89995.4133203125,91722.0064921875,7.7879007367665665,0.004763617404031321
2025-12-11 21:00:00+00:00,2025-12-12 15:00:00+00:00,SHORT,92793.004734375,89907.802359375,12.925346404069995,0.004623965763958751
2025-12-12 16:00:00+00:00,2025-12-13 12:00:00+00:00,LONG,90072.57634374998,90277.834921875,0.5485223568064684,0.004770558456361735
2025-12-13 17:00:00+00:00,2025-12-14 13:00:00+00:00,LONG,90155.78446874999,89312.0360625,-4.447172676492493,0.004766221430918957
2025-12-15 09:00:00+00:00,2025-12-15 15:00:00+00:00,SHORT,89776.9456875,87043.37047656249,12.659996610419698,0.004783617720697691
2025-12-15 16:00:00+00:00,2025-12-16 12:00:00+00:00,LONG,86410.63681249999,87123.3519375,3.1136019341482943,0.004977050639438547
2025-12-16 14:00:00+00:00,2025-12-17 10:00:00+00:00,SHORT,87128.456203125,86668.60546093748,1.8426190918146412,0.00493758653074198
2025-12-17 11:00:00+00:00,2025-12-17 14:00:00+00:00,LONG,87039.92953906249,89362.3528828125,11.038957954289128,0.004943419816761125
2025-12-17 15:00:00+00:00,2025-12-18 11:00:00+00:00,SHORT,87214.7526328125,87307.74396093749,-0.8906039621986559,0.004939592599645819
2025-12-18 12:00:00+00:00,2025-12-18 13:00:00+00:00,SHORT,87093.91265625,88886.0863515625,-9.30313387202626,0.004945687512279042
2025-12-18 14:00:00+00:00,2025-12-18 17:00:00+00:00,SHORT,88211.1146484375,86389.13877343749,8.465380791277452,0.0048775325453814114
2025-12-18 18:00:00+00:00,2025-12-18 19:00:00+00:00,LONG,86058.52724218748,84457.9028671875,-8.432493766097338,0.005004202985726276
2025-12-18 20:00:00+00:00,2025-12-19 03:00:00+00:00,LONG,84850.06217187499,86675.0428828125,8.813647465149918,0.0050702518130848005
2025-12-19 04:00:00+00:00,2025-12-20 00:00:00+00:00,LONG,87130.94233593749,87893.315578125,3.33350611571106,0.004942335545060106
2025-12-20 01:00:00+00:00,2025-12-20 21:00:00+00:00,LONG,88113.400375,88082.157796875,-0.5833638495689879,0.004888876099847177
2025-12-21 01:00:00+00:00,2025-12-21 21:00:00+00:00,LONG,88115.7855703125,88049.2922578125,-0.75543026236204,0.004888168305082709
2025-12-22 00:00:00+00:00,2025-12-22 09:00:00+00:00,SHORT,88748.92005468749,89816.32816406249,-5.615579551707994,0.004852627865040607
2025-12-22 10:00:00+00:00,2025-12-23 05:00:00+00:00,SHORT,89673.8379609375,87827.56795312499,8.439126508203191,0.004799205431414664
2025-12-23 06:00:00+00:00,2025-12-24 02:00:00+00:00,LONG,87440.3138984375,87026.761125,-2.4660415427165954,0.0049263730784997505
2025-12-24 03:00:00+00:00,2025-12-24 23:00:00+00:00,SHORT,87199.759828125,87703.1858828125,-2.919174844842592,0.004938302226474553
2025-12-25 04:00:00+00:00,2025-12-26 00:00:00+00:00,SHORT,87656.26380468749,87128.70572656249,2.1628047805912543,0.004910673347722695
2025-12-26 02:00:00+00:00,2025-12-26 15:00:00+00:00,SHORT,89001.987046875,87078.41329687499,8.88385602052219,0.004837396449081341
2025-12-26 16:00:00+00:00,2025-12-27 12:00:00+00:00,LONG,86918.27675781249,87339.120328125,1.6535908275989666,0.004958227177107737
2025-12-27 13:00:00+00:00,2025-12-28 09:00:00+00:00,SHORT,87336.6306328125,87818.621515625,-2.8121105172075236,0.004935176573657534
2025-12-28 10:00:00+00:00,2025-12-29 02:00:00+00:00,SHORT,87699.8920078125,89191.72762499998,-7.767406481736398,0.004912885603922054
2025-12-29 03:00:00+00:00,2025-12-29 09:00:00+00:00,SHORT,89942.3816484375,88028.54216406248,8.738034488893856,0.004785837507531093
2025-12-29 14:00:00+00:00,2025-12-30 10:00:00+00:00,LONG,87409.33764062499,87756.4759921875,1.2785656037929796,0.004929278890368581
2025-12-30 11:00:00+00:00,2025-12-30 14:00:00+00:00,SHORT,87663.670453125,88923.01386718749,-6.6273515770741565,0.004915461395305047
